-- --------------------------------------------------------
-- Host:                         localhost
-- Versión del servidor:         5.7.24 - MySQL Community Server (GPL)
-- SO del servidor:              Win64
-- HeidiSQL Versión:             10.2.0.5599
-- --------------------------------------------------------

/*!40101 SET @OLD_CHARACTER_SET_CLIENT=@@CHARACTER_SET_CLIENT */;
/*!40101 SET NAMES utf8 */;
/*!50503 SET NAMES utf8mb4 */;
/*!40014 SET @OLD_FOREIGN_KEY_CHECKS=@@FOREIGN_KEY_CHECKS, FOREIGN_KEY_CHECKS=0 */;
/*!40101 SET @OLD_SQL_MODE=@@SQL_MODE, SQL_MODE='NO_AUTO_VALUE_ON_ZERO' */;


-- Volcando estructura de base de datos para laravel-app
CREATE DATABASE IF NOT EXISTS `laravel-app` /*!40100 DEFAULT CHARACTER SET utf8 COLLATE utf8_spanish_ci */;
USE `laravel-app`;

-- Volcando estructura para tabla laravel-app.categorias
CREATE TABLE IF NOT EXISTS `categorias` (
  `id` bigint(20) unsigned NOT NULL AUTO_INCREMENT,
  `nombre` varchar(255) COLLATE utf8mb4_unicode_ci NOT NULL,
  `modulo` int(11) NOT NULL DEFAULT '0',
  `file_path` varchar(255) COLLATE utf8mb4_unicode_ci DEFAULT NULL,
  `imagen` varchar(255) COLLATE utf8mb4_unicode_ci DEFAULT NULL,
  `num_productos` int(11) DEFAULT NULL,
  `por_defecto` int(11) NOT NULL DEFAULT '0',
  `deleted_at` timestamp NULL DEFAULT NULL,
  `slug` varchar(255) COLLATE utf8mb4_unicode_ci NOT NULL,
  `created_at` timestamp NULL DEFAULT NULL,
  `updated_at` timestamp NULL DEFAULT NULL,
  PRIMARY KEY (`id`)
) ENGINE=InnoDB DEFAULT CHARSET=utf8mb4 COLLATE=utf8mb4_unicode_ci;

-- Volcando datos para la tabla laravel-app.categorias: ~0 rows (aproximadamente)
/*!40000 ALTER TABLE `categorias` DISABLE KEYS */;
/*!40000 ALTER TABLE `categorias` ENABLE KEYS */;

-- Volcando estructura para tabla laravel-app.clientes
CREATE TABLE IF NOT EXISTS `clientes` (
  `id` bigint(20) unsigned NOT NULL AUTO_INCREMENT,
  `cedula` varchar(255) COLLATE utf8mb4_unicode_ci NOT NULL,
  `nombre` varchar(255) COLLATE utf8mb4_unicode_ci NOT NULL,
  `apellidos` varchar(255) COLLATE utf8mb4_unicode_ci NOT NULL,
  `telefono` varchar(255) COLLATE utf8mb4_unicode_ci NOT NULL,
  `direccion_1` text COLLATE utf8mb4_unicode_ci NOT NULL,
  `direccion_2` text COLLATE utf8mb4_unicode_ci,
  `localidad` text COLLATE utf8mb4_unicode_ci NOT NULL,
  `codigo_postal` varchar(255) COLLATE utf8mb4_unicode_ci DEFAULT NULL,
  `estados_id` bigint(20) unsigned DEFAULT NULL,
  `municipios_id` bigint(20) unsigned DEFAULT NULL,
  `parroquias_id` bigint(20) unsigned DEFAULT NULL,
  `num_pedidos` int(11) DEFAULT NULL,
  `gasto_bs` decimal(5,2) DEFAULT NULL,
  `gasto_dolar` decimal(5,2) DEFAULT NULL,
  `ultima_compra` date DEFAULT NULL,
  `users_id` bigint(20) unsigned NOT NULL,
  `created_at` timestamp NULL DEFAULT NULL,
  `updated_at` timestamp NULL DEFAULT NULL,
  PRIMARY KEY (`id`),
  UNIQUE KEY `clientes_cedula_unique` (`cedula`),
  KEY `clientes_users_id_foreign` (`users_id`),
  KEY `clientes_estados_id_foreign` (`estados_id`),
  KEY `clientes_municipios_id_foreign` (`municipios_id`),
  KEY `clientes_parroquias_id_foreign` (`parroquias_id`),
  CONSTRAINT `clientes_estados_id_foreign` FOREIGN KEY (`estados_id`) REFERENCES `estados` (`id`) ON DELETE SET NULL,
  CONSTRAINT `clientes_municipios_id_foreign` FOREIGN KEY (`municipios_id`) REFERENCES `municipios` (`id`) ON DELETE SET NULL,
  CONSTRAINT `clientes_parroquias_id_foreign` FOREIGN KEY (`parroquias_id`) REFERENCES `parroquias` (`id`) ON DELETE SET NULL,
  CONSTRAINT `clientes_users_id_foreign` FOREIGN KEY (`users_id`) REFERENCES `users` (`id`) ON DELETE CASCADE
) ENGINE=InnoDB DEFAULT CHARSET=utf8mb4 COLLATE=utf8mb4_unicode_ci;

-- Volcando datos para la tabla laravel-app.clientes: ~0 rows (aproximadamente)
/*!40000 ALTER TABLE `clientes` DISABLE KEYS */;
/*!40000 ALTER TABLE `clientes` ENABLE KEYS */;

-- Volcando estructura para tabla laravel-app.estados
CREATE TABLE IF NOT EXISTS `estados` (
  `id` bigint(20) unsigned NOT NULL AUTO_INCREMENT,
  `nombre` varchar(255) COLLATE utf8mb4_unicode_ci NOT NULL,
  `created_at` timestamp NULL DEFAULT NULL,
  `updated_at` timestamp NULL DEFAULT NULL,
  PRIMARY KEY (`id`)
) ENGINE=InnoDB AUTO_INCREMENT=100 DEFAULT CHARSET=utf8mb4 COLLATE=utf8mb4_unicode_ci;

-- Volcando datos para la tabla laravel-app.estados: ~26 rows (aproximadamente)
/*!40000 ALTER TABLE `estados` DISABLE KEYS */;
INSERT INTO `estados` (`id`, `nombre`, `created_at`, `updated_at`) VALUES
	(1, 'DTTO. CAPITAL\r', NULL, NULL),
	(2, 'ANZOATEGUI\r', NULL, NULL),
	(3, 'APURE\r', NULL, NULL),
	(4, 'ARAGUA\r', NULL, NULL),
	(5, 'BARINAS\r', NULL, NULL),
	(6, 'BOLIVAR\r', NULL, NULL),
	(7, 'CARABOBO\r', NULL, NULL),
	(8, 'COJEDES\r', NULL, NULL),
	(9, 'FALCON\r', NULL, NULL),
	(10, 'GUARICO\r', NULL, NULL),
	(11, 'LARA\r', NULL, NULL),
	(12, 'MERIDA\r', NULL, NULL),
	(13, 'MIRANDA\r', NULL, NULL),
	(14, 'MONAGAS\r', NULL, NULL),
	(15, 'NUEVA ESPARTA\r', NULL, NULL),
	(16, 'PORTUGUESA\r', NULL, NULL),
	(17, 'SUCRE\r', NULL, NULL),
	(18, 'TACHIRA\r', NULL, NULL),
	(19, 'TRUJILLO\r', NULL, NULL),
	(20, 'YARACUY\r', NULL, NULL),
	(21, 'ZULIA\r', NULL, NULL),
	(22, 'AMAZONAS\r', NULL, NULL),
	(23, 'DELTA AMACURO\r', NULL, NULL),
	(24, 'VARGAS\r', NULL, NULL),
	(98, 'DEPENDENCIAS FEDERALES\r', NULL, NULL),
	(99, 'EMBAJADA\r', NULL, NULL);
/*!40000 ALTER TABLE `estados` ENABLE KEYS */;

-- Volcando estructura para tabla laravel-app.failed_jobs
CREATE TABLE IF NOT EXISTS `failed_jobs` (
  `id` bigint(20) unsigned NOT NULL AUTO_INCREMENT,
  `uuid` varchar(255) COLLATE utf8mb4_unicode_ci NOT NULL,
  `connection` text COLLATE utf8mb4_unicode_ci NOT NULL,
  `queue` text COLLATE utf8mb4_unicode_ci NOT NULL,
  `payload` longtext COLLATE utf8mb4_unicode_ci NOT NULL,
  `exception` longtext COLLATE utf8mb4_unicode_ci NOT NULL,
  `failed_at` timestamp NOT NULL DEFAULT CURRENT_TIMESTAMP,
  PRIMARY KEY (`id`),
  UNIQUE KEY `failed_jobs_uuid_unique` (`uuid`)
) ENGINE=InnoDB DEFAULT CHARSET=utf8mb4 COLLATE=utf8mb4_unicode_ci;

-- Volcando datos para la tabla laravel-app.failed_jobs: ~0 rows (aproximadamente)
/*!40000 ALTER TABLE `failed_jobs` DISABLE KEYS */;
/*!40000 ALTER TABLE `failed_jobs` ENABLE KEYS */;

-- Volcando estructura para tabla laravel-app.galerias
CREATE TABLE IF NOT EXISTS `galerias` (
  `id` bigint(20) unsigned NOT NULL AUTO_INCREMENT,
  `productos_id` bigint(20) unsigned NOT NULL,
  `file_path` varchar(255) COLLATE utf8mb4_unicode_ci NOT NULL,
  `imagen` varchar(255) COLLATE utf8mb4_unicode_ci NOT NULL,
  `created_at` timestamp NULL DEFAULT NULL,
  `updated_at` timestamp NULL DEFAULT NULL,
  PRIMARY KEY (`id`),
  KEY `galerias_productos_id_foreign` (`productos_id`),
  CONSTRAINT `galerias_productos_id_foreign` FOREIGN KEY (`productos_id`) REFERENCES `productos` (`id`) ON DELETE CASCADE
) ENGINE=InnoDB DEFAULT CHARSET=utf8mb4 COLLATE=utf8mb4_unicode_ci;

-- Volcando datos para la tabla laravel-app.galerias: ~0 rows (aproximadamente)
/*!40000 ALTER TABLE `galerias` DISABLE KEYS */;
/*!40000 ALTER TABLE `galerias` ENABLE KEYS */;

-- Volcando estructura para tabla laravel-app.municipios
CREATE TABLE IF NOT EXISTS `municipios` (
  `id` bigint(20) unsigned NOT NULL AUTO_INCREMENT,
  `nombre` varchar(255) COLLATE utf8mb4_unicode_ci NOT NULL,
  `estados_id` bigint(20) unsigned NOT NULL,
  `created_at` timestamp NULL DEFAULT NULL,
  `updated_at` timestamp NULL DEFAULT NULL,
  PRIMARY KEY (`id`),
  KEY `municipios_estados_id_foreign` (`estados_id`),
  CONSTRAINT `municipios_estados_id_foreign` FOREIGN KEY (`estados_id`) REFERENCES `estados` (`id`) ON DELETE CASCADE
) ENGINE=InnoDB AUTO_INCREMENT=9999 DEFAULT CHARSET=utf8mb4 COLLATE=utf8mb4_unicode_ci;

-- Volcando datos para la tabla laravel-app.municipios: ~443 rows (aproximadamente)
/*!40000 ALTER TABLE `municipios` DISABLE KEYS */;
INSERT INTO `municipios` (`id`, `nombre`, `estados_id`, `created_at`, `updated_at`) VALUES
	(101, 'LIBERTADOR', 1, NULL, NULL),
	(201, 'ANACO', 2, NULL, NULL),
	(202, 'ARAGUA', 2, NULL, NULL),
	(203, 'BOLIVAR', 2, NULL, NULL),
	(204, 'BRUZUAL', 2, NULL, NULL),
	(205, 'CAJIGAL', 2, NULL, NULL),
	(206, 'FREITES', 2, NULL, NULL),
	(207, 'INDEPENDENCIA', 2, NULL, NULL),
	(208, 'LIBERTAD', 2, NULL, NULL),
	(209, 'MIRANDA', 2, NULL, NULL),
	(210, 'MONAGAS', 2, NULL, NULL),
	(211, 'PE?ALVER', 2, NULL, NULL),
	(212, 'SIMON RODRIGUEZ', 2, NULL, NULL),
	(213, 'SOTILLO', 2, NULL, NULL),
	(214, 'GUANIPA', 2, NULL, NULL),
	(215, 'GUANTA', 2, NULL, NULL),
	(216, 'PIRITU', 2, NULL, NULL),
	(217, 'DIEGO BAUTISTA URBANEJA', 2, NULL, NULL),
	(218, 'CARVAJAL', 2, NULL, NULL),
	(219, 'SANTA ANA', 2, NULL, NULL),
	(220, 'MC GREGOR', 2, NULL, NULL),
	(221, 'SAN JUAN DE CAPISTRANO', 2, NULL, NULL),
	(301, 'ACHAGUAS', 3, NULL, NULL),
	(302, 'MU?OZ', 3, NULL, NULL),
	(303, 'PAEZ', 3, NULL, NULL),
	(304, 'PEDRO CAMEJO', 3, NULL, NULL),
	(305, 'ROMULO GALLEGOS', 3, NULL, NULL),
	(306, 'SAN FERNANDO', 3, NULL, NULL),
	(307, 'BIRUACA', 3, NULL, NULL),
	(401, 'GIRARDOT', 4, NULL, NULL),
	(402, 'SANTIAGO MARI?O', 4, NULL, NULL),
	(403, 'JOSE FELIX RIBAS', 4, NULL, NULL),
	(404, 'SAN CASIMIRO', 4, NULL, NULL),
	(405, 'SAN SEBASTIAN', 4, NULL, NULL),
	(406, 'SUCRE', 4, NULL, NULL),
	(407, 'URDANETA', 4, NULL, NULL),
	(408, 'ZAMORA', 4, NULL, NULL),
	(409, 'LIBERTADOR', 4, NULL, NULL),
	(410, 'JOSE ANGEL LAMAS', 4, NULL, NULL),
	(411, 'BOLIVAR', 4, NULL, NULL),
	(412, 'SANTOS MICHELENA', 4, NULL, NULL),
	(413, 'MARIO BRICE?O IRAGORRY', 4, NULL, NULL),
	(414, 'TOVAR', 4, NULL, NULL),
	(415, 'CAMATAGUA', 4, NULL, NULL),
	(416, 'JOSE RAFAEL REVENGA', 4, NULL, NULL),
	(417, 'FRANCISCO LINARES ALCANTARA', 4, NULL, NULL),
	(418, 'OCUMARE DE LA COSTA DE ORO', 4, NULL, NULL),
	(501, 'ARISMENDI', 5, NULL, NULL),
	(502, 'BARINAS', 5, NULL, NULL),
	(503, 'BOLIVAR', 5, NULL, NULL),
	(504, 'EZEQUIEL ZAMORA', 5, NULL, NULL),
	(505, 'OBISPOS', 5, NULL, NULL),
	(506, 'PEDRAZA', 5, NULL, NULL),
	(507, 'ROJAS', 5, NULL, NULL),
	(508, 'SOSA', 5, NULL, NULL),
	(509, 'ALBERTO ARVELO TORREALBA', 5, NULL, NULL),
	(510, 'ANTONIO JOSE DE SUCRE', 5, NULL, NULL),
	(511, 'CRUZ PAREDES', 5, NULL, NULL),
	(512, 'ANDRES ELOY BLANCO', 5, NULL, NULL),
	(601, 'CARONI', 6, NULL, NULL),
	(602, 'CEDE?O', 6, NULL, NULL),
	(603, 'HERES', 6, NULL, NULL),
	(604, 'PIAR', 6, NULL, NULL),
	(605, 'ROSCIO', 6, NULL, NULL),
	(606, 'SUCRE', 6, NULL, NULL),
	(607, 'SIFONTES', 6, NULL, NULL),
	(608, 'ANGOSTURA', 6, NULL, NULL),
	(609, 'GRAN SABANA', 6, NULL, NULL),
	(610, 'EL CALLAO', 6, NULL, NULL),
	(611, 'PADRE PEDRO CHIEN', 6, NULL, NULL),
	(701, 'BEJUMA', 7, NULL, NULL),
	(702, 'CARLOS ARVELO', 7, NULL, NULL),
	(703, 'DIEGO IBARRA', 7, NULL, NULL),
	(704, 'GUACARA', 7, NULL, NULL),
	(705, 'MONTALBAN', 7, NULL, NULL),
	(706, 'JUAN JOSE MORA', 7, NULL, NULL),
	(707, 'PUERTO CABELLO', 7, NULL, NULL),
	(708, 'SAN JOAQUIN', 7, NULL, NULL),
	(709, 'VALENCIA', 7, NULL, NULL),
	(710, 'MIRANDA', 7, NULL, NULL),
	(711, 'LOS GUAYOS', 7, NULL, NULL),
	(712, 'NAGUANAGUA', 7, NULL, NULL),
	(713, 'SAN DIEGO', 7, NULL, NULL),
	(714, 'LIBERTADOR', 7, NULL, NULL),
	(801, 'ANZOATEGUI', 8, NULL, NULL),
	(802, 'FALCON', 8, NULL, NULL),
	(803, 'GIRARDOT', 8, NULL, NULL),
	(804, 'PAO DE SAN JUAN BAUTISTA', 8, NULL, NULL),
	(805, 'RICAURTE', 8, NULL, NULL),
	(806, 'EZEQUIEL ZAMORA', 8, NULL, NULL),
	(807, 'TINACO', 8, NULL, NULL),
	(808, 'LIMA BLANCO', 8, NULL, NULL),
	(809, 'ROMULO GALLEGOS', 8, NULL, NULL),
	(901, 'ACOSTA', 9, NULL, NULL),
	(902, 'BOLIVAR', 9, NULL, NULL),
	(903, 'BUCHIVACOA', 9, NULL, NULL),
	(904, 'CARIRUBANA', 9, NULL, NULL),
	(905, 'COLINA', 9, NULL, NULL),
	(906, 'DEMOCRACIA', 9, NULL, NULL),
	(907, 'FALCON', 9, NULL, NULL),
	(908, 'FEDERACION', 9, NULL, NULL),
	(909, 'MAUROA', 9, NULL, NULL),
	(910, 'MIRANDA', 9, NULL, NULL),
	(911, 'PETIT', 9, NULL, NULL),
	(912, 'SILVA', 9, NULL, NULL),
	(913, 'ZAMORA', 9, NULL, NULL),
	(914, 'DABAJURO', 9, NULL, NULL),
	(915, 'MONSE?OR ITURRIZA', 9, NULL, NULL),
	(916, 'LOS TAQUES', 9, NULL, NULL),
	(917, 'PIRITU', 9, NULL, NULL),
	(918, 'UNION', 9, NULL, NULL),
	(919, 'SAN FRANCISCO', 9, NULL, NULL),
	(920, 'JACURA', 9, NULL, NULL),
	(921, 'CACIQUE MANAURE', 9, NULL, NULL),
	(922, 'PALMASOLA', 9, NULL, NULL),
	(923, 'SUCRE', 9, NULL, NULL),
	(924, 'URUMACO', 9, NULL, NULL),
	(925, 'TOCOPERO', 9, NULL, NULL),
	(1001, 'INFANTE', 10, NULL, NULL),
	(1002, 'MELLADO', 10, NULL, NULL),
	(1003, 'MIRANDA', 10, NULL, NULL),
	(1004, 'MONAGAS', 10, NULL, NULL),
	(1005, 'RIBAS', 10, NULL, NULL),
	(1006, 'ROSCIO', 10, NULL, NULL),
	(1007, 'ZARAZA', 10, NULL, NULL),
	(1008, 'CAMAGUAN', 10, NULL, NULL),
	(1009, 'SAN JOSE DE GUARIBE', 10, NULL, NULL),
	(1010, 'LAS MERCEDES', 10, NULL, NULL),
	(1011, 'EL SOCORRO', 10, NULL, NULL),
	(1012, 'ORTIZ', 10, NULL, NULL),
	(1013, 'SANTA MARIA DE IPIRE', 10, NULL, NULL),
	(1014, 'CHAGUARAMAS', 10, NULL, NULL),
	(1015, 'SAN GERONIMO DE GUAYABAL', 10, NULL, NULL),
	(1101, 'CRESPO', 11, NULL, NULL),
	(1102, 'IRIBARREN', 11, NULL, NULL),
	(1103, 'JIMENEZ', 11, NULL, NULL),
	(1104, 'MORAN', 11, NULL, NULL),
	(1105, 'PALAVECINO', 11, NULL, NULL),
	(1106, 'TORRES', 11, NULL, NULL),
	(1107, 'URDANETA', 11, NULL, NULL),
	(1108, 'ANDRES ELOY BLANCO', 11, NULL, NULL),
	(1109, 'SIMON PLANAS', 11, NULL, NULL),
	(1201, 'ALBERTO ADRIANI', 12, NULL, NULL),
	(1202, 'ANDRES BELLO', 12, NULL, NULL),
	(1203, 'ARZOBISPO CHACON', 12, NULL, NULL),
	(1204, 'CAMPO ELIAS', 12, NULL, NULL),
	(1205, 'GUARAQUE', 12, NULL, NULL),
	(1206, 'JULIO CESAR SALAS', 12, NULL, NULL),
	(1207, 'JUSTO BRICE?O', 12, NULL, NULL),
	(1208, 'LIBERTADOR', 12, NULL, NULL),
	(1209, 'SANTOS MARQUINA', 12, NULL, NULL),
	(1210, 'MIRANDA', 12, NULL, NULL),
	(1211, 'ANTONIO PINTO SALINAS', 12, NULL, NULL),
	(1212, 'OBISPO RAMOS DE LORA', 12, NULL, NULL),
	(1213, 'CARACCIOLO PARRA OLMEDO', 12, NULL, NULL),
	(1214, 'CARDENAL QUINTERO', 12, NULL, NULL),
	(1215, 'PUEBLO LLANO', 12, NULL, NULL),
	(1216, 'RANGEL', 12, NULL, NULL),
	(1217, 'RIVAS DAVILA', 12, NULL, NULL),
	(1218, 'SUCRE', 12, NULL, NULL),
	(1219, 'TOVAR', 12, NULL, NULL),
	(1220, 'TULIO FEBRES CORDERO', 12, NULL, NULL),
	(1221, 'PADRE NOGUERA', 12, NULL, NULL),
	(1222, 'ARICAGUA', 12, NULL, NULL),
	(1223, 'ZEA', 12, NULL, NULL),
	(1301, 'ACEVEDO', 13, NULL, NULL),
	(1302, 'BRION', 13, NULL, NULL),
	(1303, 'GUAICAIPURO', 13, NULL, NULL),
	(1304, 'INDEPENDENCIA', 13, NULL, NULL),
	(1305, 'LANDER', 13, NULL, NULL),
	(1306, 'PAEZ', 13, NULL, NULL),
	(1307, 'PAZ CASTILLO', 13, NULL, NULL),
	(1308, 'PLAZA', 13, NULL, NULL),
	(1309, 'SUCRE', 13, NULL, NULL),
	(1310, 'URDANETA', 13, NULL, NULL),
	(1311, 'ZAMORA', 13, NULL, NULL),
	(1312, 'CRISTOBAL ROJAS', 13, NULL, NULL),
	(1313, 'LOS SALIAS', 13, NULL, NULL),
	(1314, 'ANDRES BELLO', 13, NULL, NULL),
	(1315, 'SIMON BOLIVAR', 13, NULL, NULL),
	(1316, 'BARUTA', 13, NULL, NULL),
	(1317, 'CARRIZAL', 13, NULL, NULL),
	(1318, 'CHACAO', 13, NULL, NULL),
	(1319, 'EL HATILLO', 13, NULL, NULL),
	(1320, 'BUROZ', 13, NULL, NULL),
	(1321, 'PEDRO GUAL', 13, NULL, NULL),
	(1401, 'ACOSTA', 14, NULL, NULL),
	(1402, 'BOLIVAR', 14, NULL, NULL),
	(1403, 'CARIPE', 14, NULL, NULL),
	(1404, 'CEDE?O', 14, NULL, NULL),
	(1405, 'EZEQUIEL ZAMORA', 14, NULL, NULL),
	(1406, 'LIBERTADOR', 14, NULL, NULL),
	(1407, 'MATURIN', 14, NULL, NULL),
	(1408, 'PIAR', 14, NULL, NULL),
	(1409, 'PUNCERES', 14, NULL, NULL),
	(1410, 'SOTILLO', 14, NULL, NULL),
	(1411, 'AGUASAY', 14, NULL, NULL),
	(1412, 'SANTA BARBARA', 14, NULL, NULL),
	(1413, 'URACOA', 14, NULL, NULL),
	(1501, 'ARISMENDI', 15, NULL, NULL),
	(1502, 'DIAZ', 15, NULL, NULL),
	(1503, 'GOMEZ', 15, NULL, NULL),
	(1504, 'MANEIRO', 15, NULL, NULL),
	(1505, 'MARCANO', 15, NULL, NULL),
	(1506, 'MARI?O', 15, NULL, NULL),
	(1507, 'PENINSULA DE MACANAO', 15, NULL, NULL),
	(1508, 'VILLALBA', 15, NULL, NULL),
	(1509, 'TUBORES', 15, NULL, NULL),
	(1510, 'ANTOLIN DEL CAMPO', 15, NULL, NULL),
	(1511, 'GARCIA', 15, NULL, NULL),
	(1601, 'ARAURE', 16, NULL, NULL),
	(1602, 'ESTELLER', 16, NULL, NULL),
	(1603, 'GUANARE', 16, NULL, NULL),
	(1604, 'GUANARITO', 16, NULL, NULL),
	(1605, 'OSPINO', 16, NULL, NULL),
	(1606, 'PAEZ', 16, NULL, NULL),
	(1607, 'SUCRE', 16, NULL, NULL),
	(1608, 'TUREN', 16, NULL, NULL),
	(1609, 'MONSE?OR JOSE VICENTE DE UNDA', 16, NULL, NULL),
	(1610, 'AGUA BLANCA', 16, NULL, NULL),
	(1611, 'PAPELON', 16, NULL, NULL),
	(1612, 'SAN GENARO DE BOCONOITO', 16, NULL, NULL),
	(1613, 'SAN RAFAEL DE ONOTO', 16, NULL, NULL),
	(1614, 'SANTA ROSALIA', 16, NULL, NULL),
	(1701, 'ARISMENDI', 17, NULL, NULL),
	(1702, 'BENITEZ', 17, NULL, NULL),
	(1703, 'BERMUDEZ', 17, NULL, NULL),
	(1704, 'CAJIGAL', 17, NULL, NULL),
	(1705, 'MARI?O', 17, NULL, NULL),
	(1706, 'MEJIA', 17, NULL, NULL),
	(1707, 'MONTES', 17, NULL, NULL),
	(1708, 'RIBERO', 17, NULL, NULL),
	(1709, 'SUCRE', 17, NULL, NULL),
	(1710, 'VALDEZ', 17, NULL, NULL),
	(1711, 'ANDRES ELOY BLANCO', 17, NULL, NULL),
	(1712, 'LIBERTADOR', 17, NULL, NULL),
	(1713, 'ANDRES MATA', 17, NULL, NULL),
	(1714, 'BOLIVAR', 17, NULL, NULL),
	(1715, 'CRUZ SALMERON ACOSTA', 17, NULL, NULL),
	(1801, 'AYACUCHO', 18, NULL, NULL),
	(1802, 'BOLIVAR', 18, NULL, NULL),
	(1803, 'INDEPENDENCIA', 18, NULL, NULL),
	(1804, 'CARDENAS', 18, NULL, NULL),
	(1805, 'JAUREGUI', 18, NULL, NULL),
	(1806, 'JUNIN', 18, NULL, NULL),
	(1807, 'LOBATERA', 18, NULL, NULL),
	(1808, 'SAN CRISTOBAL', 18, NULL, NULL),
	(1809, 'URIBANTE', 18, NULL, NULL),
	(1810, 'CORDOBA', 18, NULL, NULL),
	(1811, 'GARCIA DE HEVIA', 18, NULL, NULL),
	(1812, 'GUASIMOS', 18, NULL, NULL),
	(1813, 'MICHELENA', 18, NULL, NULL),
	(1814, 'LIBERTADOR', 18, NULL, NULL),
	(1815, 'PANAMERICANO', 18, NULL, NULL),
	(1816, 'PEDRO MARIA URE?A', 18, NULL, NULL),
	(1817, 'SUCRE', 18, NULL, NULL),
	(1818, 'ANDRES BELLO', 18, NULL, NULL),
	(1819, 'FERNANDEZ FEO', 18, NULL, NULL),
	(1820, 'LIBERTAD', 18, NULL, NULL),
	(1821, 'SAMUEL DARIO MALDONADO', 18, NULL, NULL),
	(1822, 'SEBORUCO', 18, NULL, NULL),
	(1823, 'ANTONIO ROMULO COSTA', 18, NULL, NULL),
	(1824, 'FRANCISCO DE MIRANDA', 18, NULL, NULL),
	(1825, 'JOSE MARIA VARGAS', 18, NULL, NULL),
	(1826, 'RAFAEL URDANETA', 18, NULL, NULL),
	(1827, 'SIMON RODRIGUEZ', 18, NULL, NULL),
	(1828, 'TORBES', 18, NULL, NULL),
	(1829, 'SAN JUDAS TADEO', 18, NULL, NULL),
	(1901, 'RAFAEL RANGEL', 19, NULL, NULL),
	(1902, 'BOCONO', 19, NULL, NULL),
	(1903, 'CARACHE', 19, NULL, NULL),
	(1904, 'ESCUQUE', 19, NULL, NULL),
	(1905, 'TRUJILLO', 19, NULL, NULL),
	(1906, 'URDANETA', 19, NULL, NULL),
	(1907, 'VALERA', 19, NULL, NULL),
	(1908, 'CANDELARIA', 19, NULL, NULL),
	(1909, 'MIRANDA', 19, NULL, NULL),
	(1910, 'MONTE CARMELO', 19, NULL, NULL),
	(1911, 'MOTATAN', 19, NULL, NULL),
	(1912, 'PAMPAN', 19, NULL, NULL),
	(1913, 'SAN RAFAEL DE CARVAJAL', 19, NULL, NULL),
	(1914, 'SUCRE', 19, NULL, NULL),
	(1915, 'ANDRES BELLO', 19, NULL, NULL),
	(1916, 'BOLIVAR', 19, NULL, NULL),
	(1917, 'JOSE FELIPE MARQUEZ CA?IZALES', 19, NULL, NULL),
	(1918, 'JUAN VICENTE CAMPO ELIAS', 19, NULL, NULL),
	(1919, 'LA CEIBA', 19, NULL, NULL),
	(1920, 'PAMPANITO', 19, NULL, NULL),
	(2001, 'BOLIVAR', 20, NULL, NULL),
	(2002, 'BRUZUAL', 20, NULL, NULL),
	(2003, 'NIRGUA', 20, NULL, NULL),
	(2004, 'SAN FELIPE', 20, NULL, NULL),
	(2005, 'SUCRE', 20, NULL, NULL),
	(2006, 'URACHICHE', 20, NULL, NULL),
	(2007, 'PE?A', 20, NULL, NULL),
	(2008, 'JOSE ANTONIO PAEZ', 20, NULL, NULL),
	(2009, 'LA TRINIDAD', 20, NULL, NULL),
	(2010, 'COCOROTE', 20, NULL, NULL),
	(2011, 'INDEPENDENCIA', 20, NULL, NULL),
	(2012, 'ARISTIDES BASTIDAS', 20, NULL, NULL),
	(2013, 'MANUEL MONGE', 20, NULL, NULL),
	(2014, 'VEROES', 20, NULL, NULL),
	(2101, 'BARALT', 21, NULL, NULL),
	(2102, 'SANTA RITA', 21, NULL, NULL),
	(2103, 'COLON', 21, NULL, NULL),
	(2104, 'MARA', 21, NULL, NULL),
	(2105, 'MARACAIBO', 21, NULL, NULL),
	(2106, 'MIRANDA', 21, NULL, NULL),
	(2107, 'GUAJIRA', 21, NULL, NULL),
	(2108, 'MACHIQUES DE PERIJA', 21, NULL, NULL),
	(2109, 'SUCRE', 21, NULL, NULL),
	(2110, 'LA CA?ADA DE URDANETA', 21, NULL, NULL),
	(2111, 'LAGUNILLAS', 21, NULL, NULL),
	(2112, 'CATATUMBO', 21, NULL, NULL),
	(2113, 'ROSARIO DE PERIJA', 21, NULL, NULL),
	(2114, 'CABIMAS', 21, NULL, NULL),
	(2115, 'VALMORE RODRIGUEZ', 21, NULL, NULL),
	(2116, 'JESUS ENRIQUE LOSSADA', 21, NULL, NULL),
	(2117, 'ALMIRANTE PADILLA', 21, NULL, NULL),
	(2118, 'SAN FRANCISCO', 21, NULL, NULL),
	(2119, 'JESUS MARIA SEMPRUM', 21, NULL, NULL),
	(2120, 'FRANCISCO JAVIER PULGAR', 21, NULL, NULL),
	(2121, 'SIMON BOLIVAR', 21, NULL, NULL),
	(2201, 'ATURES', 22, NULL, NULL),
	(2202, 'ATABAPO', 22, NULL, NULL),
	(2203, 'MAROA', 22, NULL, NULL),
	(2204, 'RIO NEGRO', 22, NULL, NULL),
	(2205, 'AUTANA', 22, NULL, NULL),
	(2206, 'MANAPIARE', 22, NULL, NULL),
	(2207, 'ALTO ORINOCO', 22, NULL, NULL),
	(2301, 'TUCUPITA', 23, NULL, NULL),
	(2302, 'PEDERNALES', 23, NULL, NULL),
	(2303, 'ANTONIO DIAZ', 23, NULL, NULL),
	(2304, 'CASACOIMA', 23, NULL, NULL),
	(2401, 'VARGAS', 24, NULL, NULL),
	(9803, 'Desconocido', 98, NULL, NULL),
	(9806, 'Desconocido', 98, NULL, NULL),
	(9807, 'Desconocido', 98, NULL, NULL),
	(9809, 'Desconocido', 98, NULL, NULL),
	(9815, 'Desconocido', 98, NULL, NULL),
	(9818, 'Desconocido', 98, NULL, NULL),
	(9821, 'Desconocido', 98, NULL, NULL),
	(9822, 'Desconocido', 98, NULL, NULL),
	(9823, 'Desconocido', 98, NULL, NULL),
	(9824, 'Desconocido', 98, NULL, NULL),
	(9901, 'ANTIGUA Y BARBUDA', 99, NULL, NULL),
	(9902, 'ARABIA SAUDITA', 99, NULL, NULL),
	(9903, 'ARGELIA', 99, NULL, NULL),
	(9904, 'ARGENTINA', 99, NULL, NULL),
	(9905, 'AUSTRALIA', 99, NULL, NULL),
	(9906, 'AUSTRIA', 99, NULL, NULL),
	(9907, 'BARBADOS', 99, NULL, NULL),
	(9908, 'BELGICA', 99, NULL, NULL),
	(9909, 'BELICE', 99, NULL, NULL),
	(9910, 'BOLIVIA', 99, NULL, NULL),
	(9911, 'BRASIL', 99, NULL, NULL),
	(9912, 'BULGARIA', 99, NULL, NULL),
	(9913, 'CANADA', 99, NULL, NULL),
	(9914, 'CHECOSLOVAQUIA', 99, NULL, NULL),
	(9915, 'CHILE', 99, NULL, NULL),
	(9916, 'CHINA', 99, NULL, NULL),
	(9917, 'COLOMBIA', 99, NULL, NULL),
	(9918, 'COREA', 99, NULL, NULL),
	(9919, 'COSTA RICA', 99, NULL, NULL),
	(9920, 'CONSULADO DE VENEZUELA EN LA HABANA - CUBA', 99, NULL, NULL),
	(9921, 'DINAMARCA', 99, NULL, NULL),
	(9922, 'DOMINICA', 99, NULL, NULL),
	(9923, 'ECUADOR', 99, NULL, NULL),
	(9924, 'EGIPTO', 99, NULL, NULL),
	(9925, 'EL SALVADOR', 99, NULL, NULL),
	(9926, 'ESPAA', 99, NULL, NULL),
	(9927, 'ESTADOS UNIDOS DE AMERICA', 99, NULL, NULL),
	(9928, 'FEDERACION DE RUSIA', 99, NULL, NULL),
	(9929, 'FILIPINAS', 99, NULL, NULL),
	(9930, 'FINLANDIA', 99, NULL, NULL),
	(9931, 'FRANCIA', 99, NULL, NULL),
	(9932, 'GRAN BETAA', 99, NULL, NULL),
	(9933, 'GRECIA', 99, NULL, NULL),
	(9934, 'GUATEMALA', 99, NULL, NULL),
	(9935, 'GUAYANA', 99, NULL, NULL),
	(9936, 'HAITI', 99, NULL, NULL),
	(9937, 'HONDURAS', 99, NULL, NULL),
	(9938, 'HUNGRIA', 99, NULL, NULL),
	(9939, 'INDIA', 99, NULL, NULL),
	(9940, 'INDONESIA', 99, NULL, NULL),
	(9941, 'IRAK - JORDANIA', 99, NULL, NULL),
	(9942, 'ISRAEL', 99, NULL, NULL),
	(9943, 'ITALIA', 99, NULL, NULL),
	(9944, 'JAMAICA', 99, NULL, NULL),
	(9945, 'JAPON', 99, NULL, NULL),
	(9946, 'KENIA', 99, NULL, NULL),
	(9947, 'KUWAIT', 99, NULL, NULL),
	(9948, 'LIBANO', 99, NULL, NULL),
	(9949, 'LIBIA', 99, NULL, NULL),
	(9950, 'MALASIA', 99, NULL, NULL),
	(9951, 'MARRUECOS', 99, NULL, NULL),
	(9952, 'MEXICO', 99, NULL, NULL),
	(9953, 'NAMIBIA', 99, NULL, NULL),
	(9954, 'NICARAGUA', 99, NULL, NULL),
	(9955, 'NIGERIA', 99, NULL, NULL),
	(9956, 'NORUEGA', 99, NULL, NULL),
	(9957, 'PAISES BAJOS', 99, NULL, NULL),
	(9958, 'PANAMA', 99, NULL, NULL),
	(9959, 'PARAGUAY', 99, NULL, NULL),
	(9960, 'PERU', 99, NULL, NULL),
	(9961, 'POLONIA', 99, NULL, NULL),
	(9962, 'PORTUGAL', 99, NULL, NULL),
	(9963, 'REPUBLICA DOMINICANA', 99, NULL, NULL),
	(9964, 'REPUBLICA FEDERAL DE ALEMANIA', 99, NULL, NULL),
	(9965, 'REPUBLICA ISLAMICA DE IRAN', 99, NULL, NULL),
	(9966, 'RUMANIA', 99, NULL, NULL),
	(9967, 'SAN KITTS Y NEVIS', 99, NULL, NULL),
	(9968, 'SAN VICENTE Y LAS GRANADINAS', 99, NULL, NULL),
	(9969, 'SANTA LUCIA', 99, NULL, NULL),
	(9970, 'SIRIA', 99, NULL, NULL),
	(9971, 'SUDAFRICA', 99, NULL, NULL),
	(9972, 'SUECIA', 99, NULL, NULL),
	(9973, 'SUIZA', 99, NULL, NULL),
	(9974, 'SURINAME', 99, NULL, NULL),
	(9975, 'TRINIDAD Y TOBAGO', 99, NULL, NULL),
	(9976, 'TURQUIA', 99, NULL, NULL),
	(9977, 'URUGUAY', 99, NULL, NULL),
	(9978, 'EMBAJADA GRENADA', 99, NULL, NULL),
	(9979, 'SANTA LUCIA', 99, NULL, NULL),
	(9980, 'EMBAJADA QATAR', 99, NULL, NULL),
	(9981, 'EMBAJADA PALESTINA', 99, NULL, NULL),
	(9982, 'EMBAJADA ETIOPIA', 99, NULL, NULL),
	(9983, 'EMBAJADA VIETNAM', 99, NULL, NULL),
	(9984, 'EMBAJADA SINGAPUR', 99, NULL, NULL),
	(9985, 'EMBAJADA SENEGAL', 99, NULL, NULL),
	(9986, 'MALI', 99, NULL, NULL),
	(9987, 'ANGOLA', 99, NULL, NULL),
	(9988, 'BENIN', 99, NULL, NULL),
	(9989, 'CONGO', 99, NULL, NULL),
	(9990, 'GUINEA ECUATORIAL', 99, NULL, NULL),
	(9991, 'GAMBIA', 99, NULL, NULL),
	(9992, 'MOZAMBIQUE', 99, NULL, NULL),
	(9993, 'SUDAN', 99, NULL, NULL),
	(9994, 'EMIRATOS ARABES UNIDOS', 99, NULL, NULL),
	(9995, 'CONSULADO DE VENEZUELA EN WILLEMSTAD - CURAZAO', 99, NULL, NULL),
	(9996, 'BIELORRUSIA', 99, NULL, NULL),
	(9997, 'EMBAJADA DE JORDANIA', 99, NULL, NULL),
	(9998, 'EMBAJADA DE CHIPRE', 99, NULL, NULL);
/*!40000 ALTER TABLE `municipios` ENABLE KEYS */;

-- Volcando estructura para tabla laravel-app.parametros
CREATE TABLE IF NOT EXISTS `parametros` (
  `id` bigint(20) unsigned NOT NULL AUTO_INCREMENT,
  `nombre` varchar(255) COLLATE utf8mb4_unicode_ci NOT NULL,
  `tabla_id` bigint(20) unsigned DEFAULT NULL,
  `valor` varchar(255) COLLATE utf8mb4_unicode_ci DEFAULT NULL,
  `created_at` timestamp NULL DEFAULT NULL,
  `updated_at` timestamp NULL DEFAULT NULL,
  PRIMARY KEY (`id`)
) ENGINE=InnoDB DEFAULT CHARSET=utf8mb4 COLLATE=utf8mb4_unicode_ci;

-- Volcando datos para la tabla laravel-app.parametros: ~0 rows (aproximadamente)
/*!40000 ALTER TABLE `parametros` DISABLE KEYS */;
/*!40000 ALTER TABLE `parametros` ENABLE KEYS */;

-- Volcando estructura para tabla laravel-app.parroquias
CREATE TABLE IF NOT EXISTS `parroquias` (
  `id` bigint(20) unsigned NOT NULL AUTO_INCREMENT,
  `nombre` varchar(255) COLLATE utf8mb4_unicode_ci NOT NULL,
  `municipios_id` bigint(20) unsigned NOT NULL,
  `estados_id` bigint(20) unsigned NOT NULL,
  `created_at` timestamp NULL DEFAULT NULL,
  `updated_at` timestamp NULL DEFAULT NULL,
  PRIMARY KEY (`id`),
  KEY `parroquias_municipios_id_foreign` (`municipios_id`),
  KEY `parroquias_estados_id_foreign` (`estados_id`),
  CONSTRAINT `parroquias_estados_id_foreign` FOREIGN KEY (`estados_id`) REFERENCES `estados` (`id`) ON DELETE CASCADE,
  CONSTRAINT `parroquias_municipios_id_foreign` FOREIGN KEY (`municipios_id`) REFERENCES `municipios` (`id`) ON DELETE CASCADE
) ENGINE=InnoDB AUTO_INCREMENT=210511 DEFAULT CHARSET=utf8mb4 COLLATE=utf8mb4_unicode_ci;

-- Volcando datos para la tabla laravel-app.parroquias: ~1.000 rows (aproximadamente)
/*!40000 ALTER TABLE `parroquias` DISABLE KEYS */;
INSERT INTO `parroquias` (`id`, `nombre`, `municipios_id`, `estados_id`, `created_at`, `updated_at`) VALUES
	(10101, 'ALTAGRACIA', 101, 1, NULL, NULL),
	(10102, 'CANDELARIA', 101, 1, NULL, NULL),
	(10103, 'CATEDRAL', 101, 1, NULL, NULL),
	(10104, 'LA PASTORA', 101, 1, NULL, NULL),
	(10105, 'SAN AGUSTIN', 101, 1, NULL, NULL),
	(10106, 'SAN JOSE', 101, 1, NULL, NULL),
	(10107, 'SAN JUAN', 101, 1, NULL, NULL),
	(10108, 'SANTA ROSALIA', 101, 1, NULL, NULL),
	(10109, 'SANTA TERESA', 101, 1, NULL, NULL),
	(10110, 'SUCRE', 101, 1, NULL, NULL),
	(10111, '23 DE ENERO', 101, 1, NULL, NULL),
	(10112, 'ANTIMANO', 101, 1, NULL, NULL),
	(10113, 'EL RECREO', 101, 1, NULL, NULL),
	(10114, 'EL VALLE', 101, 1, NULL, NULL),
	(10115, 'LA VEGA', 101, 1, NULL, NULL),
	(10116, 'MACARAO', 101, 1, NULL, NULL),
	(10117, 'CARICUAO', 101, 1, NULL, NULL),
	(10118, 'EL JUNQUITO', 101, 1, NULL, NULL),
	(10119, 'COCHE', 101, 1, NULL, NULL),
	(10120, 'SAN PEDRO', 101, 1, NULL, NULL),
	(10121, 'SAN BERNARDINO', 101, 1, NULL, NULL),
	(10122, 'EL PARAISO', 101, 1, NULL, NULL),
	(20101, 'ANACO', 201, 2, NULL, NULL),
	(20102, 'SAN JOAQUIN', 201, 2, NULL, NULL),
	(20201, 'ARAGUA DE BARCELONA', 202, 2, NULL, NULL),
	(20202, 'CACHIPO', 202, 2, NULL, NULL),
	(20301, 'EL CARMEN', 203, 2, NULL, NULL),
	(20302, 'SAN CRISTOBAL', 203, 2, NULL, NULL),
	(20303, 'BERGANTIN', 203, 2, NULL, NULL),
	(20304, 'CAIGUA', 203, 2, NULL, NULL),
	(20305, 'EL PILAR', 203, 2, NULL, NULL),
	(20306, 'NARICUAL', 203, 2, NULL, NULL),
	(20401, 'CLARINES', 204, 2, NULL, NULL),
	(20402, 'GUANAPE', 204, 2, NULL, NULL),
	(20403, 'SABANA DE UCHIRE', 204, 2, NULL, NULL),
	(20501, 'ONOTO', 205, 2, NULL, NULL),
	(20502, 'SAN PABLO', 205, 2, NULL, NULL),
	(20601, 'CANTAURA', 206, 2, NULL, NULL),
	(20602, 'LIBERTADOR', 206, 2, NULL, NULL),
	(20603, 'SANTA ROSA', 206, 2, NULL, NULL),
	(20604, 'URICA', 206, 2, NULL, NULL),
	(20701, 'SOLEDAD', 207, 2, NULL, NULL),
	(20702, 'MAMO', 207, 2, NULL, NULL),
	(20801, 'SAN MATEO', 208, 2, NULL, NULL),
	(20802, 'EL CARITO', 208, 2, NULL, NULL),
	(20803, 'SANTA INES', 208, 2, NULL, NULL),
	(20901, 'PARIAGUAN', 209, 2, NULL, NULL),
	(20902, 'ATAPIRIRE', 209, 2, NULL, NULL),
	(20903, 'BOCA DEL PAO', 209, 2, NULL, NULL),
	(20904, 'EL PAO', 209, 2, NULL, NULL),
	(21001, 'MAPIRE', 210, 2, NULL, NULL),
	(21002, 'PIAR', 210, 2, NULL, NULL),
	(21003, 'SN DIEGO DE CABRUTICA', 210, 2, NULL, NULL),
	(21004, 'SANTA CLARA', 210, 2, NULL, NULL),
	(21005, 'UVERITO', 210, 2, NULL, NULL),
	(21006, 'ZUATA', 210, 2, NULL, NULL),
	(21101, 'PUERTO PIRITU', 211, 2, NULL, NULL),
	(21102, 'SAN MIGUEL', 211, 2, NULL, NULL),
	(21103, 'SUCRE', 211, 2, NULL, NULL),
	(21201, 'EL TIGRE', 212, 2, NULL, NULL),
	(21301, 'POZUELOS', 213, 2, NULL, NULL),
	(21302, 'PUERTO LA CRUZ', 213, 2, NULL, NULL),
	(21401, 'SAN JOSE DE GUANIPA', 214, 2, NULL, NULL),
	(21501, 'GUANTA', 215, 2, NULL, NULL),
	(21502, 'CHORRERON', 215, 2, NULL, NULL),
	(21601, 'PIRITU', 216, 2, NULL, NULL),
	(21602, 'SAN FRANCISCO', 216, 2, NULL, NULL),
	(21701, 'LECHERIAS', 217, 2, NULL, NULL),
	(21702, 'EL MORRO', 217, 2, NULL, NULL),
	(21801, 'VALLE GUANAPE', 218, 2, NULL, NULL),
	(21802, 'SANTA BARBARA', 218, 2, NULL, NULL),
	(21901, 'SANTA ANA', 219, 2, NULL, NULL),
	(21902, 'PUEBLO NUEVO', 219, 2, NULL, NULL),
	(22001, 'EL CHAPARRO', 220, 2, NULL, NULL),
	(22002, 'TOMAS ALFARO CALATRAVA', 220, 2, NULL, NULL),
	(22101, 'BOCA UCHIRE', 221, 2, NULL, NULL),
	(22102, 'BOCA DE CHAVEZ', 221, 2, NULL, NULL),
	(30101, 'ACHAGUAS', 301, 3, NULL, NULL),
	(30102, 'APURITO', 301, 3, NULL, NULL),
	(30103, 'EL YAGUAL', 301, 3, NULL, NULL),
	(30104, 'GUACHARA', 301, 3, NULL, NULL),
	(30105, 'MUCURITAS', 301, 3, NULL, NULL),
	(30106, 'QUESERAS DEL MEDIO', 301, 3, NULL, NULL),
	(30201, 'BRUZUAL', 302, 3, NULL, NULL),
	(30202, 'MANTECAL', 302, 3, NULL, NULL),
	(30203, 'QUINTERO', 302, 3, NULL, NULL),
	(30204, 'SAN VICENTE', 302, 3, NULL, NULL),
	(30205, 'RINCON HONDO', 302, 3, NULL, NULL),
	(30301, 'GUASDUALITO', 303, 3, NULL, NULL),
	(30302, 'ARAMENDI', 303, 3, NULL, NULL),
	(30303, 'EL AMPARO', 303, 3, NULL, NULL),
	(30304, 'SAN CAMILO', 303, 3, NULL, NULL),
	(30305, 'URDANETA', 303, 3, NULL, NULL),
	(30401, 'SAN JUAN DE PAYARA', 304, 3, NULL, NULL),
	(30402, 'CODAZZI', 304, 3, NULL, NULL),
	(30403, 'CUNAVICHE', 304, 3, NULL, NULL),
	(30501, 'ELORZA', 305, 3, NULL, NULL),
	(30502, 'LA TRINIDAD', 305, 3, NULL, NULL),
	(30601, 'SAN FERNANDO', 306, 3, NULL, NULL),
	(30602, 'PE?ALVER', 306, 3, NULL, NULL),
	(30603, 'EL RECREO', 306, 3, NULL, NULL),
	(30604, 'SN RAFAEL DE ATAMAICA', 306, 3, NULL, NULL),
	(30701, 'BIRUACA', 307, 3, NULL, NULL),
	(40101, 'LAS DELICIAS', 401, 4, NULL, NULL),
	(40102, 'CHORONI', 401, 4, NULL, NULL),
	(40103, 'MADRE MA DE SAN JOSE', 401, 4, NULL, NULL),
	(40104, 'JOAQUIN CRESPO', 401, 4, NULL, NULL),
	(40105, 'PEDRO JOSE OVALLES', 401, 4, NULL, NULL),
	(40106, 'JOSE CASANOVA GODOY', 401, 4, NULL, NULL),
	(40107, 'ANDRES ELOY BLANCO', 401, 4, NULL, NULL),
	(40108, 'LOS TACARIGUAS', 401, 4, NULL, NULL),
	(40201, 'TURMERO', 402, 4, NULL, NULL),
	(40202, 'SAMAN DE GUERE', 402, 4, NULL, NULL),
	(40203, 'ALFREDO PACHECO M', 402, 4, NULL, NULL),
	(40204, 'CHUAO', 402, 4, NULL, NULL),
	(40205, 'AREVALO APONTE', 402, 4, NULL, NULL),
	(40301, 'LA VICTORIA', 403, 4, NULL, NULL),
	(40302, 'ZUATA', 403, 4, NULL, NULL),
	(40303, 'PAO DE ZARATE', 403, 4, NULL, NULL),
	(40304, 'CASTOR NIEVES RIOS', 403, 4, NULL, NULL),
	(40305, 'LAS GUACAMAYAS', 403, 4, NULL, NULL),
	(40401, 'SAN CASIMIRO', 404, 4, NULL, NULL),
	(40402, 'VALLE MORIN', 404, 4, NULL, NULL),
	(40403, 'GUIRIPA', 404, 4, NULL, NULL),
	(40404, 'OLLAS DE CARAMACATE', 404, 4, NULL, NULL),
	(40501, 'SAN SEBASTIAN', 405, 4, NULL, NULL),
	(40601, 'CAGUA', 406, 4, NULL, NULL),
	(40602, 'BELLA VISTA', 406, 4, NULL, NULL),
	(40701, 'BARBACOAS', 407, 4, NULL, NULL),
	(40702, 'SAN FRANCISCO DE CARA', 407, 4, NULL, NULL),
	(40703, 'TAGUAY', 407, 4, NULL, NULL),
	(40704, 'LAS PE?ITAS', 407, 4, NULL, NULL),
	(40801, 'VILLA DE CURA', 408, 4, NULL, NULL),
	(40802, 'MAGDALENO', 408, 4, NULL, NULL),
	(40803, 'SAN FRANCISCO DE ASIS', 408, 4, NULL, NULL),
	(40804, 'VALLES DE TUCUTUNEMO', 408, 4, NULL, NULL),
	(40805, 'AUGUSTO MIJARES', 408, 4, NULL, NULL),
	(40901, 'PALO NEGRO', 409, 4, NULL, NULL),
	(40902, 'SAN MARTIN DE PORRES', 409, 4, NULL, NULL),
	(41001, 'SANTA CRUZ', 410, 4, NULL, NULL),
	(41101, 'SAN MATEO', 411, 4, NULL, NULL),
	(41201, 'LAS TEJERIAS', 412, 4, NULL, NULL),
	(41202, 'TIARA', 412, 4, NULL, NULL),
	(41301, 'EL LIMON', 413, 4, NULL, NULL),
	(41302, 'CA A DE AZUCAR', 413, 4, NULL, NULL),
	(41401, 'COLONIA TOVAR', 414, 4, NULL, NULL),
	(41501, 'CAMATAGUA', 415, 4, NULL, NULL),
	(41502, 'CARMEN DE CURA', 415, 4, NULL, NULL),
	(41601, 'EL CONSEJO', 416, 4, NULL, NULL),
	(41701, 'SANTA RITA', 417, 4, NULL, NULL),
	(41702, 'FRANCISCO DE MIRANDA', 417, 4, NULL, NULL),
	(41703, 'MONS FELICIANO G', 417, 4, NULL, NULL),
	(41801, 'OCUMARE DE LA COSTA', 418, 4, NULL, NULL),
	(50101, 'ARISMENDI', 501, 5, NULL, NULL),
	(50102, 'GUADARRAMA', 501, 5, NULL, NULL),
	(50103, 'LA UNION', 501, 5, NULL, NULL),
	(50104, 'SAN ANTONIO', 501, 5, NULL, NULL),
	(50201, 'ALFREDO A LARRIVA', 502, 5, NULL, NULL),
	(50202, 'BARINAS', 502, 5, NULL, NULL),
	(50203, 'SAN SILVESTRE', 502, 5, NULL, NULL),
	(50204, 'SANTA INES', 502, 5, NULL, NULL),
	(50205, 'SANTA LUCIA', 502, 5, NULL, NULL),
	(50206, 'TORUNOS', 502, 5, NULL, NULL),
	(50207, 'EL CARMEN', 502, 5, NULL, NULL),
	(50208, 'ROMULO BETANCOURT', 502, 5, NULL, NULL),
	(50209, 'CORAZON DE JESUS', 502, 5, NULL, NULL),
	(50210, 'RAMON I MENDEZ', 502, 5, NULL, NULL),
	(50211, 'ALTO BARINAS', 502, 5, NULL, NULL),
	(50212, 'MANUEL P FAJARDO', 502, 5, NULL, NULL),
	(50213, 'JUAN A RODRIGUEZ D', 502, 5, NULL, NULL),
	(50214, 'DOMINGA ORTIZ P', 502, 5, NULL, NULL),
	(50301, 'ALTAMIRA', 503, 5, NULL, NULL),
	(50302, 'BARINITAS', 503, 5, NULL, NULL),
	(50303, 'CALDERAS', 503, 5, NULL, NULL),
	(50401, 'SANTA BARBARA', 504, 5, NULL, NULL),
	(50402, 'JOSE IGNACIO DEL PUMAR', 504, 5, NULL, NULL),
	(50403, 'RAMON IGNACIO MENDEZ', 504, 5, NULL, NULL),
	(50404, 'PEDRO BRICE?O MENDEZ', 504, 5, NULL, NULL),
	(50501, 'EL REAL', 505, 5, NULL, NULL),
	(50502, 'LA LUZ', 505, 5, NULL, NULL),
	(50503, 'OBISPOS', 505, 5, NULL, NULL),
	(50504, 'LOS GUASIMITOS', 505, 5, NULL, NULL),
	(50601, 'CIUDAD BOLIVIA', 506, 5, NULL, NULL),
	(50602, 'IGNACIO BRICE?O', 506, 5, NULL, NULL),
	(50603, 'PAEZ', 506, 5, NULL, NULL),
	(50604, 'JOSE FELIX RIBAS', 506, 5, NULL, NULL),
	(50701, 'DOLORES', 507, 5, NULL, NULL),
	(50702, 'LIBERTAD', 507, 5, NULL, NULL),
	(50703, 'PALACIO FAJARDO', 507, 5, NULL, NULL),
	(50704, 'SANTA ROSA', 507, 5, NULL, NULL),
	(50801, 'CIUDAD DE NUTRIAS', 508, 5, NULL, NULL),
	(50802, 'EL REGALO', 508, 5, NULL, NULL),
	(50803, 'PUERTO DE NUTRIAS', 508, 5, NULL, NULL),
	(50804, 'SANTA CATALINA', 508, 5, NULL, NULL),
	(50901, 'RODRIGUEZ DOMINGUEZ', 509, 5, NULL, NULL),
	(50902, 'SABANETA', 509, 5, NULL, NULL),
	(51001, 'TICOPORO', 510, 5, NULL, NULL),
	(51002, 'NICOLAS PULIDO', 510, 5, NULL, NULL),
	(51003, 'ANDRES BELLO', 510, 5, NULL, NULL),
	(51101, 'BARRANCAS', 511, 5, NULL, NULL),
	(51102, 'EL SOCORRO', 511, 5, NULL, NULL),
	(51103, 'MASPARRITO', 511, 5, NULL, NULL),
	(51201, 'EL CANTON', 512, 5, NULL, NULL),
	(51202, 'SANTA CRUZ DE GUACAS', 512, 5, NULL, NULL),
	(51203, 'PUERTO VIVAS', 512, 5, NULL, NULL),
	(60101, 'SIMON BOLIVAR', 601, 6, NULL, NULL),
	(60102, 'ONCE DE ABRIL', 601, 6, NULL, NULL),
	(60103, 'VISTA AL SOL', 601, 6, NULL, NULL),
	(60104, 'CHIRICA', 601, 6, NULL, NULL),
	(60105, 'DALLA COSTA', 601, 6, NULL, NULL),
	(60106, 'CACHAMAY', 601, 6, NULL, NULL),
	(60107, 'UNIVERSIDAD', 601, 6, NULL, NULL),
	(60108, 'UNARE', 601, 6, NULL, NULL),
	(60109, 'YOCOIMA', 601, 6, NULL, NULL),
	(60110, 'POZO VERDE', 601, 6, NULL, NULL),
	(60201, 'CAICARA DEL ORINOCO', 602, 6, NULL, NULL),
	(60202, 'ASCENSION FARRERAS', 602, 6, NULL, NULL),
	(60203, 'ALTAGRACIA', 602, 6, NULL, NULL),
	(60204, 'LA URBANA', 602, 6, NULL, NULL),
	(60205, 'GUANIAMO', 602, 6, NULL, NULL),
	(60206, 'PIJIGUAOS', 602, 6, NULL, NULL),
	(60301, 'CATEDRAL', 603, 6, NULL, NULL),
	(60302, 'AGUA SALADA', 603, 6, NULL, NULL),
	(60303, 'LA SABANITA', 603, 6, NULL, NULL),
	(60304, 'VISTA HERMOSA', 603, 6, NULL, NULL),
	(60305, 'MARHUANTA', 603, 6, NULL, NULL),
	(60306, 'JOSE ANTONIO PAEZ', 603, 6, NULL, NULL),
	(60307, 'ORINOCO', 603, 6, NULL, NULL),
	(60308, 'PANAPANA', 603, 6, NULL, NULL),
	(60309, 'ZEA', 603, 6, NULL, NULL),
	(60401, 'UPATA', 604, 6, NULL, NULL),
	(60402, 'ANDRES ELOY BLANCO', 604, 6, NULL, NULL),
	(60403, 'PEDRO COVA', 604, 6, NULL, NULL),
	(60501, 'GUASIPATI', 605, 6, NULL, NULL),
	(60502, 'SALOM', 605, 6, NULL, NULL),
	(60601, 'MARIPA', 606, 6, NULL, NULL),
	(60602, 'ARIPAO', 606, 6, NULL, NULL),
	(60603, 'LAS MAJADAS', 606, 6, NULL, NULL),
	(60604, 'MOITACO', 606, 6, NULL, NULL),
	(60605, 'GUARATARO', 606, 6, NULL, NULL),
	(60701, 'TUMEREMO', 607, 6, NULL, NULL),
	(60702, 'DALLA COSTA', 607, 6, NULL, NULL),
	(60703, 'SAN ISIDRO', 607, 6, NULL, NULL),
	(60801, 'CIUDAD PIAR', 608, 6, NULL, NULL),
	(60802, 'SAN FRANCISCO', 608, 6, NULL, NULL),
	(60803, 'BARCELONETA', 608, 6, NULL, NULL),
	(60804, 'SANTA BARBARA', 608, 6, NULL, NULL),
	(60901, 'SANTA ELENA DE UAIREN', 609, 6, NULL, NULL),
	(60902, 'IKABARU', 609, 6, NULL, NULL),
	(61001, 'EL CALLAO', 610, 6, NULL, NULL),
	(61101, 'EL PALMAR', 611, 6, NULL, NULL),
	(70101, 'BEJUMA', 701, 7, NULL, NULL),
	(70102, 'CANOABO', 701, 7, NULL, NULL),
	(70103, 'SIMON BOLIVAR', 701, 7, NULL, NULL),
	(70201, 'GUIGUE', 702, 7, NULL, NULL),
	(70202, 'BELEN', 702, 7, NULL, NULL),
	(70203, 'TACARIGUA', 702, 7, NULL, NULL),
	(70301, 'MARIARA', 703, 7, NULL, NULL),
	(70302, 'AGUAS CALIENTES', 703, 7, NULL, NULL),
	(70401, 'GUACARA', 704, 7, NULL, NULL),
	(70402, 'CIUDAD ALIANZA', 704, 7, NULL, NULL),
	(70403, 'YAGUA', 704, 7, NULL, NULL),
	(70501, 'MONTALBAN', 705, 7, NULL, NULL),
	(70601, 'MORON', 706, 7, NULL, NULL),
	(70602, 'URAMA', 706, 7, NULL, NULL),
	(70701, 'DEMOCRACIA', 707, 7, NULL, NULL),
	(70702, 'FRATERNIDAD', 707, 7, NULL, NULL),
	(70703, 'GOAIGOAZA', 707, 7, NULL, NULL),
	(70704, 'JUAN JOSE FLORES', 707, 7, NULL, NULL),
	(70705, 'BARTOLOME SALOM', 707, 7, NULL, NULL),
	(70706, 'UNION', 707, 7, NULL, NULL),
	(70707, 'BORBURATA', 707, 7, NULL, NULL),
	(70708, 'PATANEMO', 707, 7, NULL, NULL),
	(70801, 'SAN JOAQUIN', 708, 7, NULL, NULL),
	(70901, 'CANDELARIA', 709, 7, NULL, NULL),
	(70902, 'CATEDRAL', 709, 7, NULL, NULL),
	(70903, 'EL SOCORRO', 709, 7, NULL, NULL),
	(70904, 'MIGUEL PE?A', 709, 7, NULL, NULL),
	(70905, 'SAN BLAS', 709, 7, NULL, NULL),
	(70906, 'SAN JOSE', 709, 7, NULL, NULL),
	(70907, 'SANTA ROSA', 709, 7, NULL, NULL),
	(70908, 'RAFAEL URDANETA', 709, 7, NULL, NULL),
	(70909, 'NEGRO PRIMERO', 709, 7, NULL, NULL),
	(71001, 'MIRANDA', 710, 7, NULL, NULL),
	(71101, 'U LOS GUAYOS', 711, 7, NULL, NULL),
	(71201, 'NAGUANAGUA', 712, 7, NULL, NULL),
	(71301, 'URB SAN DIEGO', 713, 7, NULL, NULL),
	(71401, 'U TOCUYITO', 714, 7, NULL, NULL),
	(71402, 'U INDEPENDENCIA', 714, 7, NULL, NULL),
	(80101, 'COJEDES', 801, 8, NULL, NULL),
	(80102, 'JUAN DE MATA SUAREZ', 801, 8, NULL, NULL),
	(80201, 'TINAQUILLO', 802, 8, NULL, NULL),
	(80301, 'EL BAUL', 803, 8, NULL, NULL),
	(80302, 'SUCRE', 803, 8, NULL, NULL),
	(80401, 'EL PAO', 804, 8, NULL, NULL),
	(80501, 'LIBERTAD DE COJEDES', 805, 8, NULL, NULL),
	(80502, 'EL AMPARO', 805, 8, NULL, NULL),
	(80601, 'SAN CARLOS DE AUSTRIA', 806, 8, NULL, NULL),
	(80602, 'JUAN ANGEL BRAVO', 806, 8, NULL, NULL),
	(80603, 'MANUEL MANRIQUE', 806, 8, NULL, NULL),
	(80701, 'GRL/JEFE JOSE L SILVA', 807, 8, NULL, NULL),
	(80801, 'MACAPO', 808, 8, NULL, NULL),
	(80802, 'LA AGUADITA', 808, 8, NULL, NULL),
	(80901, 'ROMULO GALLEGOS', 809, 8, NULL, NULL),
	(90101, 'SAN JUAN DE LOS CAYOS', 901, 9, NULL, NULL),
	(90102, 'CAPADARE', 901, 9, NULL, NULL),
	(90103, 'LA PASTORA', 901, 9, NULL, NULL),
	(90104, 'LIBERTADOR', 901, 9, NULL, NULL),
	(90201, 'SAN LUIS', 902, 9, NULL, NULL),
	(90202, 'ARACUA', 902, 9, NULL, NULL),
	(90203, 'LA PE?A', 902, 9, NULL, NULL),
	(90301, 'CAPATARIDA', 903, 9, NULL, NULL),
	(90302, 'BOROJO', 903, 9, NULL, NULL),
	(90303, 'SEQUE', 903, 9, NULL, NULL),
	(90304, 'ZAZARIDA', 903, 9, NULL, NULL),
	(90305, 'BARIRO', 903, 9, NULL, NULL),
	(90306, 'GUAJIRO', 903, 9, NULL, NULL),
	(90401, 'NORTE', 904, 9, NULL, NULL),
	(90402, 'CARIRUBANA', 904, 9, NULL, NULL),
	(90403, 'PUNTA CARDON', 904, 9, NULL, NULL),
	(90404, 'SANTA ANA', 904, 9, NULL, NULL),
	(90501, 'LA VELA DE CORO', 905, 9, NULL, NULL),
	(90502, 'ACURIGUA', 905, 9, NULL, NULL),
	(90503, 'GUAIBACOA', 905, 9, NULL, NULL),
	(90504, 'MACORUCA', 905, 9, NULL, NULL),
	(90505, 'LAS CALDERAS', 905, 9, NULL, NULL),
	(90601, 'PEDREGAL', 906, 9, NULL, NULL),
	(90602, 'AGUA CLARA', 906, 9, NULL, NULL),
	(90603, 'AVARIA', 906, 9, NULL, NULL),
	(90604, 'PIEDRA GRANDE', 906, 9, NULL, NULL),
	(90605, 'PURURECHE', 906, 9, NULL, NULL),
	(90701, 'PUEBLO NUEVO', 907, 9, NULL, NULL),
	(90702, 'ADICORA', 907, 9, NULL, NULL),
	(90703, 'BARAIVED', 907, 9, NULL, NULL),
	(90704, 'BUENA VISTA', 907, 9, NULL, NULL),
	(90705, 'JADACAQUIVA', 907, 9, NULL, NULL),
	(90706, 'MORUY', 907, 9, NULL, NULL),
	(90707, 'EL VINCULO', 907, 9, NULL, NULL),
	(90708, 'EL HATO', 907, 9, NULL, NULL),
	(90709, 'ADAURE', 907, 9, NULL, NULL),
	(90801, 'CHURUGUARA', 908, 9, NULL, NULL),
	(90802, 'AGUA LARGA', 908, 9, NULL, NULL),
	(90803, 'INDEPENDENCIA', 908, 9, NULL, NULL),
	(90804, 'MAPARARI', 908, 9, NULL, NULL),
	(90805, 'EL PAUJI', 908, 9, NULL, NULL),
	(90901, 'MENE DE MAUROA', 909, 9, NULL, NULL),
	(90902, 'CASIGUA', 909, 9, NULL, NULL),
	(90903, 'SAN FELIX', 909, 9, NULL, NULL),
	(91001, 'SAN ANTONIO', 910, 9, NULL, NULL),
	(91002, 'SAN GABRIEL', 910, 9, NULL, NULL),
	(91003, 'SANTA ANA', 910, 9, NULL, NULL),
	(91004, 'GUZMAN GUILLERMO', 910, 9, NULL, NULL),
	(91005, 'MITARE', 910, 9, NULL, NULL),
	(91006, 'SABANETA', 910, 9, NULL, NULL),
	(91007, 'RIO SECO', 910, 9, NULL, NULL),
	(91101, 'CABURE', 911, 9, NULL, NULL),
	(91102, 'CURIMAGUA', 911, 9, NULL, NULL),
	(91103, 'COLINA', 911, 9, NULL, NULL),
	(91201, 'TUCACAS', 912, 9, NULL, NULL),
	(91202, 'BOCA DE AROA', 912, 9, NULL, NULL),
	(91301, 'PUERTO CUMAREBO', 913, 9, NULL, NULL),
	(91302, 'LA CIENAGA', 913, 9, NULL, NULL),
	(91303, 'LA SOLEDAD', 913, 9, NULL, NULL),
	(91304, 'PUEBLO CUMAREBO', 913, 9, NULL, NULL),
	(91305, 'ZAZARIDA', 913, 9, NULL, NULL),
	(91401, 'DABAJURO', 914, 9, NULL, NULL),
	(91501, 'CHICHIRIVICHE', 915, 9, NULL, NULL),
	(91502, 'BOCA DE TOCUYO', 915, 9, NULL, NULL),
	(91503, 'TOCUYO DE LA COSTA', 915, 9, NULL, NULL),
	(91601, 'LOS TAQUES', 916, 9, NULL, NULL),
	(91602, 'JUDIBANA', 916, 9, NULL, NULL),
	(91701, 'PIRITU', 917, 9, NULL, NULL),
	(91702, 'SAN JOSE DE LA COSTA', 917, 9, NULL, NULL),
	(91801, 'STA.CRUZ DE BUCARAL', 918, 9, NULL, NULL),
	(91802, 'EL CHARAL', 918, 9, NULL, NULL),
	(91803, 'LAS VEGAS DEL TUY', 918, 9, NULL, NULL),
	(91901, 'MIRIMIRE', 919, 9, NULL, NULL),
	(92001, 'JACURA', 920, 9, NULL, NULL),
	(92002, 'AGUA LINDA', 920, 9, NULL, NULL),
	(92003, 'ARAURIMA', 920, 9, NULL, NULL),
	(92101, 'YARACAL', 921, 9, NULL, NULL),
	(92201, 'PALMA SOLA', 922, 9, NULL, NULL),
	(92301, 'SUCRE', 923, 9, NULL, NULL),
	(92302, 'PECAYA', 923, 9, NULL, NULL),
	(92401, 'URUMACO', 924, 9, NULL, NULL),
	(92402, 'BRUZUAL', 924, 9, NULL, NULL),
	(92501, 'TOCOPERO', 925, 9, NULL, NULL),
	(100101, 'VALLE DE LA PASCUA', 1001, 10, NULL, NULL),
	(100102, 'ESPINO', 1001, 10, NULL, NULL),
	(100201, 'EL SOMBRERO', 1002, 10, NULL, NULL),
	(100202, 'SOSA', 1002, 10, NULL, NULL),
	(100301, 'CALABOZO', 1003, 10, NULL, NULL),
	(100302, 'EL CALVARIO', 1003, 10, NULL, NULL),
	(100303, 'EL RASTRO', 1003, 10, NULL, NULL),
	(100304, 'GUARDATINAJAS', 1003, 10, NULL, NULL),
	(100401, 'ALTAGRACIA DE ORITUCO', 1004, 10, NULL, NULL),
	(100402, 'LEZAMA', 1004, 10, NULL, NULL),
	(100403, 'LIBERTAD DE ORITUCO', 1004, 10, NULL, NULL),
	(100404, 'SAN FCO DE MACAIRA', 1004, 10, NULL, NULL),
	(100405, 'SAN RAFAEL DE ORITUCO', 1004, 10, NULL, NULL),
	(100406, 'SOUBLETTE', 1004, 10, NULL, NULL),
	(100407, 'PASO REAL DE MACAIRA', 1004, 10, NULL, NULL),
	(100501, 'TUCUPIDO', 1005, 10, NULL, NULL),
	(100502, 'SAN RAFAEL DE LAYA', 1005, 10, NULL, NULL),
	(100601, 'SAN JUAN DE LOS MORROS', 1006, 10, NULL, NULL),
	(100602, 'PARAPARA', 1006, 10, NULL, NULL),
	(100603, 'CANTAGALLO', 1006, 10, NULL, NULL),
	(100701, 'ZARAZA', 1007, 10, NULL, NULL),
	(100702, 'SAN JOSE DE UNARE', 1007, 10, NULL, NULL),
	(100801, 'CAMAGUAN', 1008, 10, NULL, NULL),
	(100802, 'PUERTO MIRANDA', 1008, 10, NULL, NULL),
	(100803, 'UVERITO', 1008, 10, NULL, NULL),
	(100901, 'SAN JOSE DE GUARIBE', 1009, 10, NULL, NULL),
	(101001, 'LAS MERCEDES', 1010, 10, NULL, NULL),
	(101002, 'STA RITA DE MANAPIRE', 1010, 10, NULL, NULL),
	(101003, 'CABRUTA', 1010, 10, NULL, NULL),
	(101101, 'EL SOCORRO', 1011, 10, NULL, NULL),
	(101201, 'ORTIZ', 1012, 10, NULL, NULL),
	(101202, 'SAN FCO. DE TIZNADOS', 1012, 10, NULL, NULL),
	(101203, 'SAN JOSE DE TIZNADOS', 1012, 10, NULL, NULL),
	(101204, 'S LORENZO DE TIZNADOS', 1012, 10, NULL, NULL),
	(101301, 'SANTA MARIA DE IPIRE', 1013, 10, NULL, NULL),
	(101302, 'ALTAMIRA', 1013, 10, NULL, NULL),
	(101401, 'CHAGUARAMAS', 1014, 10, NULL, NULL),
	(101501, 'GUAYABAL', 1015, 10, NULL, NULL),
	(101502, 'CAZORLA', 1015, 10, NULL, NULL),
	(110101, 'FREITEZ', 1101, 11, NULL, NULL),
	(110102, 'JOSE MARIA BLANCO', 1101, 11, NULL, NULL),
	(110201, 'CATEDRAL', 1102, 11, NULL, NULL),
	(110202, 'LA CONCEPCION', 1102, 11, NULL, NULL),
	(110203, 'SANTA ROSA', 1102, 11, NULL, NULL),
	(110204, 'UNION', 1102, 11, NULL, NULL),
	(110205, 'EL CUJI', 1102, 11, NULL, NULL),
	(110206, 'TAMACA', 1102, 11, NULL, NULL),
	(110207, 'JUAN DE VILLEGAS', 1102, 11, NULL, NULL),
	(110208, 'AGUEDO F. ALVARADO', 1102, 11, NULL, NULL),
	(110209, 'BUENA VISTA', 1102, 11, NULL, NULL),
	(110210, 'JUAREZ', 1102, 11, NULL, NULL),
	(110301, 'JUAN B RODRIGUEZ', 1103, 11, NULL, NULL),
	(110302, 'DIEGO DE LOZADA', 1103, 11, NULL, NULL),
	(110303, 'SAN MIGUEL', 1103, 11, NULL, NULL),
	(110304, 'CUARA', 1103, 11, NULL, NULL),
	(110305, 'PARAISO DE SAN JOSE', 1103, 11, NULL, NULL),
	(110306, 'TINTORERO', 1103, 11, NULL, NULL),
	(110307, 'JOSE BERNARDO DORANTE', 1103, 11, NULL, NULL),
	(110308, 'CRNEL. MARIANO PERAZA', 1103, 11, NULL, NULL),
	(110401, 'BOLIVAR', 1104, 11, NULL, NULL),
	(110402, 'ANZOATEGUI', 1104, 11, NULL, NULL),
	(110403, 'GUARICO', 1104, 11, NULL, NULL),
	(110404, 'HUMOCARO ALTO', 1104, 11, NULL, NULL),
	(110405, 'HUMOCARO BAJO', 1104, 11, NULL, NULL),
	(110406, 'MORAN', 1104, 11, NULL, NULL),
	(110407, 'HILARIO LUNA Y LUNA', 1104, 11, NULL, NULL),
	(110408, 'LA CANDELARIA', 1104, 11, NULL, NULL),
	(110501, 'CABUDARE', 1105, 11, NULL, NULL),
	(110502, 'JOSE G. BASTIDAS', 1105, 11, NULL, NULL),
	(110503, 'AGUA VIVA', 1105, 11, NULL, NULL),
	(110601, 'TRINIDAD SAMUEL', 1106, 11, NULL, NULL),
	(110602, 'ANTONIO DIAZ', 1106, 11, NULL, NULL),
	(110603, 'CAMACARO', 1106, 11, NULL, NULL),
	(110604, 'CASTA?EDA', 1106, 11, NULL, NULL),
	(110605, 'CHIQUINQUIRA', 1106, 11, NULL, NULL),
	(110606, 'ESPINOZA LOS MONTEROS', 1106, 11, NULL, NULL),
	(110607, 'LARA', 1106, 11, NULL, NULL),
	(110608, 'MANUEL MORILLO', 1106, 11, NULL, NULL),
	(110609, 'MONTES DE OCA', 1106, 11, NULL, NULL),
	(110610, 'TORRES', 1106, 11, NULL, NULL),
	(110611, 'EL BLANCO', 1106, 11, NULL, NULL),
	(110612, 'MONTA?A VERDE', 1106, 11, NULL, NULL),
	(110613, 'HERIBERTO ARROYO', 1106, 11, NULL, NULL),
	(110614, 'LAS MERCEDES', 1106, 11, NULL, NULL),
	(110615, 'CECILIO ZUBILLAGA', 1106, 11, NULL, NULL),
	(110616, 'REYES VARGAS', 1106, 11, NULL, NULL),
	(110617, 'ALTAGRACIA', 1106, 11, NULL, NULL),
	(110701, 'SIQUISIQUE', 1107, 11, NULL, NULL),
	(110702, 'SAN MIGUEL', 1107, 11, NULL, NULL),
	(110703, 'XAGUAS', 1107, 11, NULL, NULL),
	(110704, 'MOROTURO', 1107, 11, NULL, NULL),
	(110801, 'PIO TAMAYO', 1108, 11, NULL, NULL),
	(110802, 'YACAMBU', 1108, 11, NULL, NULL),
	(110803, 'QBDA. HONDA DE GUACHE', 1108, 11, NULL, NULL),
	(110901, 'SARARE', 1109, 11, NULL, NULL),
	(110902, 'GUSTAVO VEGAS LEON', 1109, 11, NULL, NULL),
	(110903, 'BURIA', 1109, 11, NULL, NULL),
	(120101, 'GABRIEL PICON G.', 1201, 12, NULL, NULL),
	(120102, 'HECTOR AMABLE MORA', 1201, 12, NULL, NULL),
	(120103, 'JOSE NUCETE SARDI', 1201, 12, NULL, NULL),
	(120104, 'PULIDO MENDEZ', 1201, 12, NULL, NULL),
	(120105, 'PTE. ROMULO GALLEGOS', 1201, 12, NULL, NULL),
	(120106, 'PRESIDENTE BETANCOURT', 1201, 12, NULL, NULL),
	(120107, 'PRESIDENTE PAEZ', 1201, 12, NULL, NULL),
	(120201, 'LA AZULITA', 1202, 12, NULL, NULL),
	(120301, 'CANAGUA', 1203, 12, NULL, NULL),
	(120302, 'CAPURI', 1203, 12, NULL, NULL),
	(120303, 'CHACANTA', 1203, 12, NULL, NULL),
	(120304, 'EL MOLINO', 1203, 12, NULL, NULL),
	(120305, 'GUAIMARAL', 1203, 12, NULL, NULL),
	(120306, 'MUCUTUY', 1203, 12, NULL, NULL),
	(120307, 'MUCUCHACHI', 1203, 12, NULL, NULL),
	(120401, 'ACEQUIAS', 1204, 12, NULL, NULL),
	(120402, 'JAJI', 1204, 12, NULL, NULL),
	(120403, 'LA MESA', 1204, 12, NULL, NULL),
	(120404, 'SAN JOSE', 1204, 12, NULL, NULL),
	(120405, 'MONTALBAN', 1204, 12, NULL, NULL),
	(120406, 'MATRIZ', 1204, 12, NULL, NULL),
	(120407, 'FERNANDEZ PE?A', 1204, 12, NULL, NULL),
	(120501, 'GUARAQUE', 1205, 12, NULL, NULL),
	(120502, 'MESA DE QUINTERO', 1205, 12, NULL, NULL),
	(120503, 'RIO NEGRO', 1205, 12, NULL, NULL),
	(120601, 'ARAPUEY', 1206, 12, NULL, NULL),
	(120602, 'PALMIRA', 1206, 12, NULL, NULL),
	(120701, 'TORONDOY', 1207, 12, NULL, NULL),
	(120702, 'SAN CRISTOBAL DE T', 1207, 12, NULL, NULL),
	(120801, 'ARIAS', 1208, 12, NULL, NULL),
	(120802, 'SAGRARIO', 1208, 12, NULL, NULL),
	(120803, 'MILLA', 1208, 12, NULL, NULL),
	(120804, 'EL LLANO', 1208, 12, NULL, NULL),
	(120805, 'JUAN RODRIGUEZ SUAREZ', 1208, 12, NULL, NULL),
	(120806, 'JACINTO PLAZA', 1208, 12, NULL, NULL),
	(120807, 'DOMINGO PE?A', 1208, 12, NULL, NULL),
	(120808, 'GONZALO PICON FEBRES', 1208, 12, NULL, NULL),
	(120809, 'OSUNA RODRIGUEZ', 1208, 12, NULL, NULL),
	(120810, 'LASSO DE LA VEGA', 1208, 12, NULL, NULL),
	(120811, 'CARACCIOLO PARRA P', 1208, 12, NULL, NULL),
	(120812, 'MARIANO PICON SALAS', 1208, 12, NULL, NULL),
	(120813, 'ANTONIO SPINETTI DINI', 1208, 12, NULL, NULL),
	(120814, 'EL MORRO', 1208, 12, NULL, NULL),
	(120815, 'LOS NEVADOS', 1208, 12, NULL, NULL),
	(120901, 'TABAY', 1209, 12, NULL, NULL),
	(121001, 'TIMOTES', 1210, 12, NULL, NULL),
	(121002, 'ANDRES ELOY BLANCO', 1210, 12, NULL, NULL),
	(121003, 'PI?ANGO', 1210, 12, NULL, NULL),
	(121004, 'LA VENTA', 1210, 12, NULL, NULL),
	(121101, 'STA CRUZ DE MORA', 1211, 12, NULL, NULL),
	(121102, 'MESA BOLIVAR', 1211, 12, NULL, NULL),
	(121103, 'MESA DE LAS PALMAS', 1211, 12, NULL, NULL),
	(121201, 'STA ELENA DE ARENALES', 1212, 12, NULL, NULL),
	(121202, 'ELOY PAREDES', 1212, 12, NULL, NULL),
	(121203, 'R DE ALCAZAR', 1212, 12, NULL, NULL),
	(121301, 'TUCANI', 1213, 12, NULL, NULL),
	(121302, 'FLORENCIO RAMIREZ', 1213, 12, NULL, NULL),
	(121401, 'SANTO DOMINGO', 1214, 12, NULL, NULL),
	(121402, 'LAS PIEDRAS', 1214, 12, NULL, NULL),
	(121501, 'PUEBLO LLANO', 1215, 12, NULL, NULL),
	(121601, 'MUCUCHIES', 1216, 12, NULL, NULL),
	(121602, 'MUCURUBA', 1216, 12, NULL, NULL),
	(121603, 'SAN RAFAEL', 1216, 12, NULL, NULL),
	(121604, 'CACUTE', 1216, 12, NULL, NULL),
	(121605, 'LA TOMA', 1216, 12, NULL, NULL),
	(121701, 'BAILADORES', 1217, 12, NULL, NULL),
	(121702, 'GERONIMO MALDONADO', 1217, 12, NULL, NULL),
	(121801, 'LAGUNILLAS', 1218, 12, NULL, NULL),
	(121802, 'CHIGUARA', 1218, 12, NULL, NULL),
	(121803, 'ESTANQUES', 1218, 12, NULL, NULL),
	(121804, 'SAN JUAN', 1218, 12, NULL, NULL),
	(121805, 'PUEBLO NUEVO DEL SUR', 1218, 12, NULL, NULL),
	(121806, 'LA TRAMPA', 1218, 12, NULL, NULL),
	(121901, 'EL LLANO', 1219, 12, NULL, NULL),
	(121902, 'TOVAR', 1219, 12, NULL, NULL),
	(121903, 'EL AMPARO', 1219, 12, NULL, NULL),
	(121904, 'SAN FRANCISCO', 1219, 12, NULL, NULL),
	(122001, 'NUEVA BOLIVIA', 1220, 12, NULL, NULL),
	(122002, 'INDEPENDENCIA', 1220, 12, NULL, NULL),
	(122003, 'MARIA C PALACIOS', 1220, 12, NULL, NULL),
	(122004, 'SANTA APOLONIA', 1220, 12, NULL, NULL),
	(122101, 'STA MARIA DE CAPARO', 1221, 12, NULL, NULL),
	(122201, 'ARICAGUA', 1222, 12, NULL, NULL),
	(122202, 'SAN ANTONIO', 1222, 12, NULL, NULL),
	(122301, 'ZEA', 1223, 12, NULL, NULL),
	(122302, 'CA?O EL TIGRE', 1223, 12, NULL, NULL),
	(130101, 'CAUCAGUA', 1301, 13, NULL, NULL),
	(130102, 'ARAGUITA', 1301, 13, NULL, NULL),
	(130103, 'AREVALO GONZALEZ', 1301, 13, NULL, NULL),
	(130104, 'CAPAYA', 1301, 13, NULL, NULL),
	(130105, 'PANAQUIRE', 1301, 13, NULL, NULL),
	(130106, 'RIBAS', 1301, 13, NULL, NULL),
	(130107, 'EL CAFE', 1301, 13, NULL, NULL),
	(130108, 'MARIZAPA', 1301, 13, NULL, NULL),
	(130201, 'HIGUEROTE', 1302, 13, NULL, NULL),
	(130202, 'CURIEPE', 1302, 13, NULL, NULL),
	(130203, 'TACARIGUA', 1302, 13, NULL, NULL),
	(130301, 'LOS TEQUES', 1303, 13, NULL, NULL),
	(130302, 'CECILIO ACOSTA', 1303, 13, NULL, NULL),
	(130303, 'PARACOTOS', 1303, 13, NULL, NULL),
	(130304, 'SAN PEDRO', 1303, 13, NULL, NULL),
	(130305, 'TACATA', 1303, 13, NULL, NULL),
	(130306, 'EL JARILLO', 1303, 13, NULL, NULL),
	(130307, 'ALTAGRACIA DE LA M', 1303, 13, NULL, NULL),
	(130401, 'STA TERESA DEL TUY', 1304, 13, NULL, NULL),
	(130402, 'EL CARTANAL', 1304, 13, NULL, NULL),
	(130501, 'OCUMARE DEL TUY', 1305, 13, NULL, NULL),
	(130502, 'LA DEMOCRACIA', 1305, 13, NULL, NULL),
	(130503, 'SANTA BARBARA', 1305, 13, NULL, NULL),
	(130601, 'RIO CHICO', 1306, 13, NULL, NULL),
	(130602, 'EL GUAPO', 1306, 13, NULL, NULL),
	(130603, 'TACARIGUA DE LA LAGUNA', 1306, 13, NULL, NULL),
	(130604, 'PAPARO', 1306, 13, NULL, NULL),
	(130605, 'SN FERNANDO DEL GUAPO', 1306, 13, NULL, NULL),
	(130701, 'SANTA LUCIA', 1307, 13, NULL, NULL),
	(130801, 'GUARENAS', 1308, 13, NULL, NULL),
	(130901, 'PETARE', 1309, 13, NULL, NULL),
	(130902, 'LEONCIO MARTINEZ', 1309, 13, NULL, NULL),
	(130903, 'CAUCAGUITA', 1309, 13, NULL, NULL),
	(130904, 'FILAS DE MARICHES', 1309, 13, NULL, NULL),
	(130905, 'LA DOLORITA', 1309, 13, NULL, NULL),
	(131001, 'CUA', 1310, 13, NULL, NULL),
	(131002, 'NUEVA CUA', 1310, 13, NULL, NULL),
	(131101, 'GUATIRE', 1311, 13, NULL, NULL),
	(131102, 'BOLIVAR', 1311, 13, NULL, NULL),
	(131201, 'CHARALLAVE', 1312, 13, NULL, NULL),
	(131202, 'LAS BRISAS', 1312, 13, NULL, NULL),
	(131301, 'SAN ANTONIO LOS ALTOS', 1313, 13, NULL, NULL),
	(131401, 'SAN JOSE DE BARLOVENTO', 1314, 13, NULL, NULL),
	(131402, 'CUMBO', 1314, 13, NULL, NULL),
	(131501, 'SAN FCO DE YARE', 1315, 13, NULL, NULL),
	(131502, 'S ANTONIO DE YARE', 1315, 13, NULL, NULL),
	(131601, 'BARUTA', 1316, 13, NULL, NULL),
	(131602, 'EL CAFETAL', 1316, 13, NULL, NULL),
	(131603, 'LAS MINAS DE BARUTA', 1316, 13, NULL, NULL),
	(131701, 'CARRIZAL', 1317, 13, NULL, NULL),
	(131801, 'CHACAO', 1318, 13, NULL, NULL),
	(131901, 'EL HATILLO', 1319, 13, NULL, NULL),
	(132001, 'MAMPORAL', 1320, 13, NULL, NULL),
	(132101, 'CUPIRA', 1321, 13, NULL, NULL),
	(132102, 'MACHURUCUTO', 1321, 13, NULL, NULL),
	(140101, 'SAN ANTONIO', 1401, 14, NULL, NULL),
	(140102, 'SAN FRANCISCO', 1401, 14, NULL, NULL),
	(140201, 'CARIPITO', 1402, 14, NULL, NULL),
	(140301, 'CARIPE', 1403, 14, NULL, NULL),
	(140302, 'TERESEN', 1403, 14, NULL, NULL),
	(140303, 'EL GUACHARO', 1403, 14, NULL, NULL),
	(140304, 'SAN AGUSTIN', 1403, 14, NULL, NULL),
	(140305, 'LA GUANOTA', 1403, 14, NULL, NULL),
	(140306, 'SABANA DE PIEDRA', 1403, 14, NULL, NULL),
	(140401, 'CAICARA', 1404, 14, NULL, NULL),
	(140402, 'AREO', 1404, 14, NULL, NULL),
	(140403, 'SAN FELIX', 1404, 14, NULL, NULL),
	(140404, 'VIENTO FRESCO', 1404, 14, NULL, NULL),
	(140501, 'PUNTA DE MATA', 1405, 14, NULL, NULL),
	(140502, 'EL TEJERO', 1405, 14, NULL, NULL),
	(140601, 'TEMBLADOR', 1406, 14, NULL, NULL),
	(140602, 'TABASCA', 1406, 14, NULL, NULL),
	(140603, 'LAS ALHUACAS', 1406, 14, NULL, NULL),
	(140604, 'CHAGUARAMAS', 1406, 14, NULL, NULL),
	(140701, 'EL FURRIAL', 1407, 14, NULL, NULL),
	(140702, 'JUSEPIN', 1407, 14, NULL, NULL),
	(140703, 'EL COROZO', 1407, 14, NULL, NULL),
	(140704, 'SAN VICENTE', 1407, 14, NULL, NULL),
	(140705, 'LA PICA', 1407, 14, NULL, NULL),
	(140706, 'ALTO DE LOS GODOS', 1407, 14, NULL, NULL),
	(140707, 'BOQUERON', 1407, 14, NULL, NULL),
	(140708, 'LAS COCUIZAS', 1407, 14, NULL, NULL),
	(140709, 'SANTA CRUZ', 1407, 14, NULL, NULL),
	(140710, 'SAN SIMON', 1407, 14, NULL, NULL),
	(140801, 'ARAGUA', 1408, 14, NULL, NULL),
	(140802, 'CHAGUARAMAL', 1408, 14, NULL, NULL),
	(140803, 'GUANAGUANA', 1408, 14, NULL, NULL),
	(140804, 'APARICIO', 1408, 14, NULL, NULL),
	(140805, 'TAGUAYA', 1408, 14, NULL, NULL),
	(140806, 'EL PINTO', 1408, 14, NULL, NULL),
	(140807, 'LA TOSCANA', 1408, 14, NULL, NULL),
	(140901, 'QUIRIQUIRE', 1409, 14, NULL, NULL),
	(140902, 'CACHIPO', 1409, 14, NULL, NULL),
	(141001, 'BARRANCAS', 1410, 14, NULL, NULL),
	(141002, 'LOS BARRANCOS DE FAJARDO', 1410, 14, NULL, NULL),
	(141101, 'AGUASAY', 1411, 14, NULL, NULL),
	(141201, 'SANTA BARBARA', 1412, 14, NULL, NULL),
	(141301, 'URACOA', 1413, 14, NULL, NULL),
	(150101, 'LA ASUNCION', 1501, 15, NULL, NULL),
	(150201, 'SAN JUAN BAUTISTA', 1502, 15, NULL, NULL),
	(150202, 'ZABALA', 1502, 15, NULL, NULL),
	(150301, 'SANTA ANA', 1503, 15, NULL, NULL),
	(150302, 'GUEVARA', 1503, 15, NULL, NULL),
	(150303, 'MATASIETE', 1503, 15, NULL, NULL),
	(150304, 'BOLIVAR', 1503, 15, NULL, NULL),
	(150305, 'SUCRE', 1503, 15, NULL, NULL),
	(150401, 'PAMPATAR', 1504, 15, NULL, NULL),
	(150402, 'AGUIRRE', 1504, 15, NULL, NULL),
	(150501, 'JUAN GRIEGO', 1505, 15, NULL, NULL),
	(150502, 'ADRIAN', 1505, 15, NULL, NULL),
	(150601, 'PORLAMAR', 1506, 15, NULL, NULL),
	(150701, 'BOCA DEL RIO', 1507, 15, NULL, NULL),
	(150702, 'SAN FRANCISCO', 1507, 15, NULL, NULL),
	(150801, 'SAN PEDRO DE COCHE', 1508, 15, NULL, NULL),
	(150802, 'VICENTE FUENTES', 1508, 15, NULL, NULL),
	(150901, 'PUNTA DE PIEDRAS', 1509, 15, NULL, NULL),
	(150902, 'LOS BARALES', 1509, 15, NULL, NULL),
	(151001, 'CM.LA PLAZA DE PARAGUACHI', 1510, 15, NULL, NULL),
	(151101, 'VALLE ESP SANTO', 1511, 15, NULL, NULL),
	(151102, 'FRANCISCO FAJARDO', 1511, 15, NULL, NULL),
	(160101, 'ARAURE', 1601, 16, NULL, NULL),
	(160102, 'RIO ACARIGUA', 1601, 16, NULL, NULL),
	(160201, 'PIRITU', 1602, 16, NULL, NULL),
	(160202, 'UVERAL', 1602, 16, NULL, NULL),
	(160301, 'GUANARE', 1603, 16, NULL, NULL),
	(160302, 'CORDOBA', 1603, 16, NULL, NULL),
	(160303, 'SAN JUAN GUANAGUANARE', 1603, 16, NULL, NULL),
	(160304, 'VIRGEN DE LA COROMOTO', 1603, 16, NULL, NULL),
	(160305, 'SAN JOSE DE LA MONTA?A', 1603, 16, NULL, NULL),
	(160401, 'GUANARITO', 1604, 16, NULL, NULL),
	(160402, 'TRINIDAD DE LA CAPILLA', 1604, 16, NULL, NULL),
	(160403, 'DIVINA PASTORA', 1604, 16, NULL, NULL),
	(160501, 'OSPINO', 1605, 16, NULL, NULL),
	(160502, 'APARICION', 1605, 16, NULL, NULL),
	(160503, 'LA ESTACION', 1605, 16, NULL, NULL),
	(160601, 'ACARIGUA', 1606, 16, NULL, NULL),
	(160602, 'PAYARA', 1606, 16, NULL, NULL),
	(160603, 'PIMPINELA', 1606, 16, NULL, NULL),
	(160604, 'RAMON PERAZA', 1606, 16, NULL, NULL),
	(160701, 'BISCUCUY', 1607, 16, NULL, NULL),
	(160702, 'CONCEPCION', 1607, 16, NULL, NULL),
	(160703, 'SAN RAFAEL PALO ALZADO', 1607, 16, NULL, NULL),
	(160704, 'UVENCIO A VELASQUEZ', 1607, 16, NULL, NULL),
	(160705, 'SAN JOSE DE SAGUAZ', 1607, 16, NULL, NULL),
	(160706, 'VILLA ROSA', 1607, 16, NULL, NULL),
	(160801, 'VILLA BRUZUAL', 1608, 16, NULL, NULL),
	(160802, 'CANELONES', 1608, 16, NULL, NULL),
	(160803, 'SANTA CRUZ', 1608, 16, NULL, NULL),
	(160804, 'SAN ISIDRO LABRADOR', 1608, 16, NULL, NULL),
	(160901, 'CHABASQUEN', 1609, 16, NULL, NULL),
	(160902, 'PE?A BLANCA', 1609, 16, NULL, NULL),
	(161001, 'AGUA BLANCA', 1610, 16, NULL, NULL),
	(161101, 'PAPELON', 1611, 16, NULL, NULL),
	(161102, 'CA?O DELGADITO', 1611, 16, NULL, NULL),
	(161201, 'BOCONOITO', 1612, 16, NULL, NULL),
	(161202, 'ANTOLIN TOVAR AQUINO', 1612, 16, NULL, NULL),
	(161301, 'SAN RAFAEL DE ONOTO', 1613, 16, NULL, NULL),
	(161302, 'SANTA FE', 1613, 16, NULL, NULL),
	(161303, 'THERMO MORLES', 1613, 16, NULL, NULL),
	(161401, 'EL PLAYON', 1614, 16, NULL, NULL),
	(161402, 'FLORIDA', 1614, 16, NULL, NULL),
	(170101, 'RIO CARIBE', 1701, 17, NULL, NULL),
	(170102, 'SAN JUAN GALDONAS', 1701, 17, NULL, NULL),
	(170103, 'PUERTO SANTO', 1701, 17, NULL, NULL),
	(170104, 'EL MORRO DE PTO SANTO', 1701, 17, NULL, NULL),
	(170105, 'ANTONIO JOSE DE SUCRE', 1701, 17, NULL, NULL),
	(170201, 'EL PILAR', 1702, 17, NULL, NULL),
	(170202, 'EL RINCON', 1702, 17, NULL, NULL),
	(170203, 'GUARAUNOS', 1702, 17, NULL, NULL),
	(170204, 'TUNAPUICITO', 1702, 17, NULL, NULL),
	(170205, 'UNION', 1702, 17, NULL, NULL),
	(170206, 'GRAL FCO. A VASQUEZ', 1702, 17, NULL, NULL),
	(170301, 'SANTA CATALINA', 1703, 17, NULL, NULL),
	(170302, 'SANTA ROSA', 1703, 17, NULL, NULL),
	(170303, 'SANTA TERESA', 1703, 17, NULL, NULL),
	(170304, 'BOLIVAR', 1703, 17, NULL, NULL),
	(170305, 'MACARAPANA', 1703, 17, NULL, NULL),
	(170401, 'YAGUARAPARO', 1704, 17, NULL, NULL),
	(170402, 'LIBERTAD', 1704, 17, NULL, NULL),
	(170403, 'PAUJIL', 1704, 17, NULL, NULL),
	(170501, 'IRAPA', 1705, 17, NULL, NULL),
	(170502, 'CAMPO CLARO', 1705, 17, NULL, NULL),
	(170503, 'SORO', 1705, 17, NULL, NULL),
	(170504, 'SAN ANTONIO DE IRAPA', 1705, 17, NULL, NULL),
	(170505, 'MARABAL', 1705, 17, NULL, NULL),
	(170601, 'SAN ANT DEL GOLFO', 1706, 17, NULL, NULL),
	(170701, 'CUMANACOA', 1707, 17, NULL, NULL),
	(170702, 'ARENAS', 1707, 17, NULL, NULL),
	(170703, 'ARICAGUA', 1707, 17, NULL, NULL),
	(170704, 'COCOLLAR', 1707, 17, NULL, NULL),
	(170705, 'SAN FERNANDO', 1707, 17, NULL, NULL),
	(170706, 'SAN LORENZO', 1707, 17, NULL, NULL),
	(170801, 'CARIACO', 1708, 17, NULL, NULL),
	(170802, 'CATUARO', 1708, 17, NULL, NULL),
	(170803, 'RENDON', 1708, 17, NULL, NULL),
	(170804, 'SANTA CRUZ', 1708, 17, NULL, NULL),
	(170805, 'SANTA MARIA', 1708, 17, NULL, NULL),
	(170901, 'ALTAGRACIA', 1709, 17, NULL, NULL),
	(170902, 'AYACUCHO', 1709, 17, NULL, NULL),
	(170903, 'SANTA INES', 1709, 17, NULL, NULL),
	(170904, 'VALENTIN VALIENTE', 1709, 17, NULL, NULL),
	(170905, 'SAN JUAN', 1709, 17, NULL, NULL),
	(170906, 'GRAN MARISCAL', 1709, 17, NULL, NULL),
	(170907, 'RAUL LEONI', 1709, 17, NULL, NULL),
	(171001, 'GUIRIA', 1710, 17, NULL, NULL),
	(171002, 'CRISTOBAL COLON', 1710, 17, NULL, NULL),
	(171003, 'PUNTA DE PIEDRA', 1710, 17, NULL, NULL),
	(171004, 'BIDEAU', 1710, 17, NULL, NULL),
	(171101, 'MARI?O', 1711, 17, NULL, NULL),
	(171102, 'ROMULO GALLEGOS', 1711, 17, NULL, NULL),
	(171201, 'TUNAPUY', 1712, 17, NULL, NULL),
	(171202, 'CAMPO ELIAS', 1712, 17, NULL, NULL),
	(171301, 'SAN JOSE DE AREOCUAR', 1713, 17, NULL, NULL),
	(171302, 'TAVERA ACOSTA', 1713, 17, NULL, NULL),
	(171401, 'MARIGUITAR', 1714, 17, NULL, NULL),
	(171501, 'ARAYA', 1715, 17, NULL, NULL),
	(171502, 'MANICUARE', 1715, 17, NULL, NULL),
	(171503, 'CHACOPATA', 1715, 17, NULL, NULL),
	(180101, 'COLON', 1801, 18, NULL, NULL),
	(180102, 'RIVAS BERTI', 1801, 18, NULL, NULL),
	(180103, 'SAN PEDRO DEL RIO', 1801, 18, NULL, NULL),
	(180201, 'SAN ANT DEL TACHIRA', 1802, 18, NULL, NULL),
	(180202, 'PALOTAL', 1802, 18, NULL, NULL),
	(180203, 'JUAN VICENTE GOMEZ', 1802, 18, NULL, NULL),
	(180204, 'ISAIAS MEDINA ANGARITA', 1802, 18, NULL, NULL),
	(180301, 'CAPACHO NUEVO', 1803, 18, NULL, NULL),
	(180302, 'JUAN GERMAN ROSCIO', 1803, 18, NULL, NULL),
	(180303, 'ROMAN CARDENAS', 1803, 18, NULL, NULL),
	(180401, 'TARIBA', 1804, 18, NULL, NULL),
	(180402, 'LA FLORIDA', 1804, 18, NULL, NULL),
	(180403, 'AMENODORO RANGEL LAMUS', 1804, 18, NULL, NULL),
	(180501, 'LA GRITA', 1805, 18, NULL, NULL),
	(180502, 'EMILIO C. GUERRERO', 1805, 18, NULL, NULL),
	(180503, 'MONS. MIGUEL A SALAS', 1805, 18, NULL, NULL),
	(180601, 'RUBIO', 1806, 18, NULL, NULL),
	(180602, 'BRAMON', 1806, 18, NULL, NULL),
	(180603, 'LA PETROLEA', 1806, 18, NULL, NULL),
	(180604, 'QUINIMARI', 1806, 18, NULL, NULL),
	(180701, 'LOBATERA', 1807, 18, NULL, NULL),
	(180702, 'CONSTITUCION', 1807, 18, NULL, NULL),
	(180801, 'LA CONCORDIA', 1808, 18, NULL, NULL),
	(180802, 'PEDRO MARIA MORANTES', 1808, 18, NULL, NULL),
	(180803, 'SN JUAN BAUTISTA', 1808, 18, NULL, NULL),
	(180804, 'SAN SEBASTIAN', 1808, 18, NULL, NULL),
	(180805, 'DR. FCO. ROMERO LOBO', 1808, 18, NULL, NULL),
	(180901, 'PREGONERO', 1809, 18, NULL, NULL),
	(180902, 'CARDENAS', 1809, 18, NULL, NULL),
	(180903, 'POTOSI', 1809, 18, NULL, NULL),
	(180904, 'JUAN PABLO PE?ALOZA', 1809, 18, NULL, NULL),
	(181001, 'STA. ANA  DEL TACHIRA', 1810, 18, NULL, NULL),
	(181101, 'LA FRIA', 1811, 18, NULL, NULL),
	(181102, 'BOCA DE GRITA', 1811, 18, NULL, NULL),
	(181103, 'JOSE ANTONIO PAEZ', 1811, 18, NULL, NULL),
	(181201, 'PALMIRA', 1812, 18, NULL, NULL),
	(181301, 'MICHELENA', 1813, 18, NULL, NULL),
	(181401, 'ABEJALES', 1814, 18, NULL, NULL),
	(181402, 'SAN JOAQUIN DE NAVAY', 1814, 18, NULL, NULL),
	(181403, 'DORADAS', 1814, 18, NULL, NULL),
	(181404, 'EMETERIO OCHOA', 1814, 18, NULL, NULL),
	(181501, 'COLONCITO', 1815, 18, NULL, NULL),
	(181502, 'LA PALMITA', 1815, 18, NULL, NULL),
	(181601, 'URE?A', 1816, 18, NULL, NULL),
	(181602, 'NUEVA ARCADIA', 1816, 18, NULL, NULL),
	(181701, 'QUENIQUEA', 1817, 18, NULL, NULL),
	(181702, 'SAN PABLO', 1817, 18, NULL, NULL),
	(181703, 'ELEAZAR LOPEZ CONTRERAS', 1817, 18, NULL, NULL),
	(181801, 'CORDERO', 1818, 18, NULL, NULL),
	(181901, 'CM.SAN RAFAEL DEL PINAL', 1819, 18, NULL, NULL),
	(181902, 'SANTO DOMINGO', 1819, 18, NULL, NULL),
	(181903, 'ALBERTO ADRIANI', 1819, 18, NULL, NULL),
	(182001, 'CAPACHO VIEJO', 1820, 18, NULL, NULL),
	(182002, 'CIPRIANO CASTRO', 1820, 18, NULL, NULL),
	(182003, 'MANUEL FELIPE RUGELES', 1820, 18, NULL, NULL),
	(182101, 'LA TENDIDA', 1821, 18, NULL, NULL),
	(182102, 'BOCONO', 1821, 18, NULL, NULL),
	(182103, 'HERNANDEZ', 1821, 18, NULL, NULL),
	(182201, 'SEBORUCO', 1822, 18, NULL, NULL),
	(182301, 'LAS MESAS', 1823, 18, NULL, NULL),
	(182401, 'SAN JOSE DE BOLIVAR', 1824, 18, NULL, NULL),
	(182501, 'EL COBRE', 1825, 18, NULL, NULL),
	(182601, 'DELICIAS', 1826, 18, NULL, NULL),
	(182701, 'SAN SIMON', 1827, 18, NULL, NULL),
	(182801, 'SAN JOSECITO', 1828, 18, NULL, NULL),
	(182901, 'UMUQUENA', 1829, 18, NULL, NULL),
	(190101, 'BETIJOQUE', 1901, 19, NULL, NULL),
	(190102, 'JOSE G HERNANDEZ', 1901, 19, NULL, NULL),
	(190103, 'LA PUEBLITA', 1901, 19, NULL, NULL),
	(190104, 'EL CEDRO', 1901, 19, NULL, NULL),
	(190201, 'BOCONO', 1902, 19, NULL, NULL),
	(190202, 'EL CARMEN', 1902, 19, NULL, NULL),
	(190203, 'MOSQUEY', 1902, 19, NULL, NULL),
	(190204, 'AYACUCHO', 1902, 19, NULL, NULL),
	(190205, 'BURBUSAY', 1902, 19, NULL, NULL),
	(190206, 'GENERAL RIVAS', 1902, 19, NULL, NULL),
	(190207, 'MONSE?OR JAUREGUI', 1902, 19, NULL, NULL),
	(190208, 'RAFAEL RANGEL', 1902, 19, NULL, NULL),
	(190209, 'SAN JOSE', 1902, 19, NULL, NULL),
	(190210, 'SAN MIGUEL', 1902, 19, NULL, NULL),
	(190211, 'GUARAMACAL', 1902, 19, NULL, NULL),
	(190212, 'LA VEGA DE GUARAMACAL', 1902, 19, NULL, NULL),
	(190301, 'CARACHE', 1903, 19, NULL, NULL),
	(190302, 'LA CONCEPCION', 1903, 19, NULL, NULL),
	(190303, 'CUICAS', 1903, 19, NULL, NULL),
	(190304, 'PANAMERICANA', 1903, 19, NULL, NULL),
	(190305, 'SANTA CRUZ', 1903, 19, NULL, NULL),
	(190401, 'ESCUQUE', 1904, 19, NULL, NULL),
	(190402, 'SABANA LIBRE', 1904, 19, NULL, NULL),
	(190403, 'LA UNION', 1904, 19, NULL, NULL),
	(190404, 'SANTA RITA', 1904, 19, NULL, NULL),
	(190501, 'CRISTOBAL MENDOZA', 1905, 19, NULL, NULL),
	(190502, 'CHIQUINQUIRA', 1905, 19, NULL, NULL),
	(190503, 'MATRIZ', 1905, 19, NULL, NULL),
	(190504, 'MONSE?OR CARRILLO', 1905, 19, NULL, NULL),
	(190505, 'CRUZ CARRILLO', 1905, 19, NULL, NULL),
	(190506, 'ANDRES LINARES', 1905, 19, NULL, NULL),
	(190507, 'TRES ESQUINAS', 1905, 19, NULL, NULL),
	(190601, 'LA QUEBRADA', 1906, 19, NULL, NULL),
	(190602, 'JAJO', 1906, 19, NULL, NULL),
	(190603, 'LA MESA', 1906, 19, NULL, NULL),
	(190604, 'SANTIAGO', 1906, 19, NULL, NULL),
	(190605, 'CABIMBU', 1906, 19, NULL, NULL),
	(190606, 'TU?AME', 1906, 19, NULL, NULL),
	(190701, 'MERCEDES DIAZ', 1907, 19, NULL, NULL),
	(190702, 'JUAN IGNACIO MONTILLA', 1907, 19, NULL, NULL),
	(190703, 'LA BEATRIZ', 1907, 19, NULL, NULL),
	(190704, 'MENDOZA', 1907, 19, NULL, NULL),
	(190705, 'LA PUERTA', 1907, 19, NULL, NULL),
	(190706, 'SAN LUIS', 1907, 19, NULL, NULL),
	(190801, 'CHEJENDE', 1908, 19, NULL, NULL),
	(190802, 'CARRILLO', 1908, 19, NULL, NULL),
	(190803, 'CEGARRA', 1908, 19, NULL, NULL),
	(190804, 'BOLIVIA', 1908, 19, NULL, NULL),
	(190805, 'MANUEL SALVADOR ULLOA', 1908, 19, NULL, NULL),
	(190806, 'SAN JOSE', 1908, 19, NULL, NULL),
	(190807, 'ARNOLDO GABALDON', 1908, 19, NULL, NULL),
	(190901, 'EL DIVIDIVE', 1909, 19, NULL, NULL),
	(190902, 'AGUA CALIENTE', 1909, 19, NULL, NULL),
	(190903, 'EL CENIZO', 1909, 19, NULL, NULL),
	(190904, 'AGUA SANTA', 1909, 19, NULL, NULL),
	(190905, 'VALERITA', 1909, 19, NULL, NULL),
	(191001, 'MONTE CARMELO', 1910, 19, NULL, NULL),
	(191002, 'BUENA VISTA', 1910, 19, NULL, NULL),
	(191003, 'STA MARIA DEL HORCON', 1910, 19, NULL, NULL),
	(191101, 'MOTATAN', 1911, 19, NULL, NULL),
	(191102, 'EL BA?O', 1911, 19, NULL, NULL),
	(191103, 'JALISCO', 1911, 19, NULL, NULL),
	(191201, 'PAMPAN', 1912, 19, NULL, NULL),
	(191202, 'SANTA ANA', 1912, 19, NULL, NULL),
	(191203, 'LA PAZ', 1912, 19, NULL, NULL),
	(191204, 'FLOR DE PATRIA', 1912, 19, NULL, NULL),
	(191301, 'CARVAJAL', 1913, 19, NULL, NULL),
	(191302, 'ANTONIO N BRICE?O', 1913, 19, NULL, NULL),
	(191303, 'CAMPO ALEGRE', 1913, 19, NULL, NULL),
	(191304, 'JOSE LEONARDO SUAREZ', 1913, 19, NULL, NULL),
	(191401, 'SABANA DE MENDOZA', 1914, 19, NULL, NULL),
	(191402, 'JUNIN', 1914, 19, NULL, NULL),
	(191403, 'VALMORE RODRIGUEZ', 1914, 19, NULL, NULL),
	(191404, 'EL PARAISO', 1914, 19, NULL, NULL),
	(191501, 'SANTA ISABEL', 1915, 19, NULL, NULL),
	(191502, 'ARAGUANEY', 1915, 19, NULL, NULL),
	(191503, 'EL JAGUITO', 1915, 19, NULL, NULL),
	(191504, 'LA ESPERANZA', 1915, 19, NULL, NULL),
	(191601, 'SABANA GRANDE', 1916, 19, NULL, NULL),
	(191602, 'CHEREGUE', 1916, 19, NULL, NULL),
	(191603, 'GRANADOS', 1916, 19, NULL, NULL),
	(191701, 'EL SOCORRO', 1917, 19, NULL, NULL),
	(191702, 'LOS CAPRICHOS', 1917, 19, NULL, NULL),
	(191703, 'ANTONIO JOSE DE SUCRE', 1917, 19, NULL, NULL),
	(191801, 'CAMPO ELIAS', 1918, 19, NULL, NULL),
	(191802, 'ARNOLDO GABALDON', 1918, 19, NULL, NULL),
	(191901, 'SANTA APOLONIA', 1919, 19, NULL, NULL),
	(191902, 'LA CEIBA', 1919, 19, NULL, NULL),
	(191903, 'EL PROGRESO', 1919, 19, NULL, NULL),
	(191904, 'TRES DE FEBRERO', 1919, 19, NULL, NULL),
	(192001, 'PAMPANITO', 1920, 19, NULL, NULL),
	(192002, 'PAMPANITO II', 1920, 19, NULL, NULL),
	(192003, 'LA CONCEPCION', 1920, 19, NULL, NULL),
	(200101, 'AROA', 2001, 20, NULL, NULL),
	(200201, 'CHIVACOA', 2002, 20, NULL, NULL),
	(200202, 'CAMPO ELIAS', 2002, 20, NULL, NULL),
	(200301, 'NIRGUA', 2003, 20, NULL, NULL),
	(200302, 'SALOM', 2003, 20, NULL, NULL),
	(200303, 'TEMERLA', 2003, 20, NULL, NULL),
	(200401, 'SAN FELIPE', 2004, 20, NULL, NULL),
	(200402, 'ALBARICO', 2004, 20, NULL, NULL),
	(200403, 'SAN JAVIER', 2004, 20, NULL, NULL),
	(200501, 'GUAMA', 2005, 20, NULL, NULL),
	(200601, 'URACHICHE', 2006, 20, NULL, NULL),
	(200701, 'YARITAGUA', 2007, 20, NULL, NULL),
	(200702, 'SAN ANDRES', 2007, 20, NULL, NULL),
	(200801, 'SABANA DE PARRA', 2008, 20, NULL, NULL),
	(200901, 'BORAURE', 2009, 20, NULL, NULL),
	(201001, 'COCOROTE', 2010, 20, NULL, NULL),
	(201101, 'INDEPENDENCIA', 2011, 20, NULL, NULL),
	(201201, 'SAN PABLO', 2012, 20, NULL, NULL),
	(201301, 'YUMARE', 2013, 20, NULL, NULL),
	(201401, 'FARRIAR', 2014, 20, NULL, NULL),
	(201402, 'EL GUAYABO', 2014, 20, NULL, NULL),
	(210101, 'GENERAL URDANETA', 2101, 21, NULL, NULL),
	(210102, 'LIBERTADOR', 2101, 21, NULL, NULL),
	(210103, 'MANUEL GUANIPA MATOS', 2101, 21, NULL, NULL),
	(210104, 'MARCELINO BRICE?O', 2101, 21, NULL, NULL),
	(210105, 'SAN TIMOTEO', 2101, 21, NULL, NULL),
	(210106, 'PUEBLO NUEVO', 2101, 21, NULL, NULL),
	(210201, 'PEDRO LUCAS URRIBARRI', 2102, 21, NULL, NULL),
	(210202, 'SANTA RITA', 2102, 21, NULL, NULL),
	(210203, 'JOSE CENOVIO URRIBARRI', 2102, 21, NULL, NULL),
	(210204, 'EL MENE', 2102, 21, NULL, NULL),
	(210301, 'SANTA CRUZ DEL ZULIA', 2103, 21, NULL, NULL),
	(210302, 'URRIBARRI', 2103, 21, NULL, NULL),
	(210303, 'MORALITO', 2103, 21, NULL, NULL),
	(210304, 'SAN CARLOS DEL ZULIA', 2103, 21, NULL, NULL),
	(210305, 'SANTA BARBARA', 2103, 21, NULL, NULL),
	(210401, 'LUIS DE VICENTE', 2104, 21, NULL, NULL),
	(210402, 'RICAURTE', 2104, 21, NULL, NULL),
	(210403, 'MONS.MARCOS SERGIO G', 2104, 21, NULL, NULL),
	(210404, 'SAN RAFAEL', 2104, 21, NULL, NULL),
	(210405, 'LAS PARCELAS', 2104, 21, NULL, NULL),
	(210406, 'TAMARE', 2104, 21, NULL, NULL),
	(210407, 'LA SIERRITA', 2104, 21, NULL, NULL),
	(210501, 'BOLIVAR', 2105, 21, NULL, NULL),
	(210502, 'COQUIVACOA', 2105, 21, NULL, NULL),
	(210503, 'CRISTO DE ARANZA', 2105, 21, NULL, NULL),
	(210504, 'CHIQUINQUIRA', 2105, 21, NULL, NULL),
	(210505, 'SANTA LUCIA', 2105, 21, NULL, NULL),
	(210506, 'OLEGARIO VILLALOBOS', 2105, 21, NULL, NULL),
	(210507, 'JUANA DE AVILA', 2105, 21, NULL, NULL),
	(210508, 'CARACCIOLO PARRA PEREZ', 2105, 21, NULL, NULL),
	(210509, 'IDELFONZO VASQUEZ', 2105, 21, NULL, NULL),
	(210510, 'CACIQUE MARA', 2105, 21, NULL, NULL);
/*!40000 ALTER TABLE `parroquias` ENABLE KEYS */;

-- Volcando estructura para tabla laravel-app.password_resets
CREATE TABLE IF NOT EXISTS `password_resets` (
  `email` varchar(255) COLLATE utf8mb4_unicode_ci NOT NULL,
  `token` varchar(255) COLLATE utf8mb4_unicode_ci NOT NULL,
  `created_at` timestamp NULL DEFAULT NULL,
  KEY `password_resets_email_index` (`email`)
) ENGINE=InnoDB DEFAULT CHARSET=utf8mb4 COLLATE=utf8mb4_unicode_ci;

-- Volcando datos para la tabla laravel-app.password_resets: ~0 rows (aproximadamente)
/*!40000 ALTER TABLE `password_resets` DISABLE KEYS */;
/*!40000 ALTER TABLE `password_resets` ENABLE KEYS */;

-- Volcando estructura para tabla laravel-app.personal_access_tokens
CREATE TABLE IF NOT EXISTS `personal_access_tokens` (
  `id` bigint(20) unsigned NOT NULL AUTO_INCREMENT,
  `tokenable_type` varchar(255) COLLATE utf8mb4_unicode_ci NOT NULL,
  `tokenable_id` bigint(20) unsigned NOT NULL,
  `name` varchar(255) COLLATE utf8mb4_unicode_ci NOT NULL,
  `token` varchar(64) COLLATE utf8mb4_unicode_ci NOT NULL,
  `abilities` text COLLATE utf8mb4_unicode_ci,
  `last_used_at` timestamp NULL DEFAULT NULL,
  `created_at` timestamp NULL DEFAULT NULL,
  `updated_at` timestamp NULL DEFAULT NULL,
  PRIMARY KEY (`id`),
  UNIQUE KEY `personal_access_tokens_token_unique` (`token`),
  KEY `personal_access_tokens_tokenable_type_tokenable_id_index` (`tokenable_type`,`tokenable_id`)
) ENGINE=InnoDB DEFAULT CHARSET=utf8mb4 COLLATE=utf8mb4_unicode_ci;

-- Volcando datos para la tabla laravel-app.personal_access_tokens: ~0 rows (aproximadamente)
/*!40000 ALTER TABLE `personal_access_tokens` DISABLE KEYS */;
/*!40000 ALTER TABLE `personal_access_tokens` ENABLE KEYS */;

-- Volcando estructura para tabla laravel-app.productos
CREATE TABLE IF NOT EXISTS `productos` (
  `id` bigint(20) unsigned NOT NULL AUTO_INCREMENT,
  `nombre` varchar(255) COLLATE utf8mb4_unicode_ci NOT NULL,
  `sku` varchar(255) COLLATE utf8mb4_unicode_ci NOT NULL,
  `descripcion` text COLLATE utf8mb4_unicode_ci,
  `categorias_id` bigint(20) unsigned DEFAULT NULL,
  `precio` decimal(12,2) DEFAULT NULL,
  `cant_inventario` int(11) DEFAULT NULL,
  `cant_ventas` int(11) DEFAULT NULL,
  `poca_existencia` int(11) DEFAULT NULL,
  `peso` double(8,2) DEFAULT NULL,
  `und_peso` varchar(255) COLLATE utf8mb4_unicode_ci NOT NULL DEFAULT 'Kg.',
  `venta_individual` int(11) NOT NULL DEFAULT '0',
  `max_carrito` int(11) DEFAULT NULL,
  `file_path` varchar(255) COLLATE utf8mb4_unicode_ci DEFAULT NULL,
  `imagen` varchar(255) COLLATE utf8mb4_unicode_ci DEFAULT NULL,
  `estado` int(11) NOT NULL DEFAULT '0',
  `visibilidad` int(11) NOT NULL DEFAULT '0',
  `slug` varchar(255) COLLATE utf8mb4_unicode_ci NOT NULL,
  `deleted_at` timestamp NULL DEFAULT NULL,
  `created_at` timestamp NULL DEFAULT NULL,
  `updated_at` timestamp NULL DEFAULT NULL,
  PRIMARY KEY (`id`),
  UNIQUE KEY `productos_sku_unique` (`sku`),
  KEY `productos_categorias_id_foreign` (`categorias_id`),
  CONSTRAINT `productos_categorias_id_foreign` FOREIGN KEY (`categorias_id`) REFERENCES `categorias` (`id`) ON DELETE SET NULL
) ENGINE=InnoDB DEFAULT CHARSET=utf8mb4 COLLATE=utf8mb4_unicode_ci;

-- Volcando datos para la tabla laravel-app.productos: ~0 rows (aproximadamente)
/*!40000 ALTER TABLE `productos` DISABLE KEYS */;
/*!40000 ALTER TABLE `productos` ENABLE KEYS */;

-- Volcando estructura para tabla laravel-app.sessions
CREATE TABLE IF NOT EXISTS `sessions` (
  `id` varchar(255) COLLATE utf8mb4_unicode_ci NOT NULL,
  `user_id` bigint(20) unsigned DEFAULT NULL,
  `ip_address` varchar(45) COLLATE utf8mb4_unicode_ci DEFAULT NULL,
  `user_agent` text COLLATE utf8mb4_unicode_ci,
  `payload` text COLLATE utf8mb4_unicode_ci NOT NULL,
  `last_activity` int(11) NOT NULL,
  PRIMARY KEY (`id`),
  KEY `sessions_user_id_index` (`user_id`),
  KEY `sessions_last_activity_index` (`last_activity`)
) ENGINE=InnoDB DEFAULT CHARSET=utf8mb4 COLLATE=utf8mb4_unicode_ci;

-- Volcando datos para la tabla laravel-app.sessions: ~1 rows (aproximadamente)
/*!40000 ALTER TABLE `sessions` DISABLE KEYS */;
INSERT INTO `sessions` (`id`, `user_id`, `ip_address`, `user_agent`, `payload`, `last_activity`) VALUES
	('dWxOXWwZqiqh8DtyoaaRR7WM94H5QuIlutB5o7ME', 1, '127.0.0.1', 'Mozilla/5.0 (Windows NT 10.0; Win64; x64; rv:83.0) Gecko/20100101 Firefox/83.0', 'YTo1OntzOjY6Il90b2tlbiI7czo0MDoiTWF2WDkzbTNTVkxOcnM1RGp1eFpNSHN3MjJKa0taTmRwNENzMmI0cSI7czo2OiJfZmxhc2giO2E6Mjp7czozOiJvbGQiO2E6MDp7fXM6MzoibmV3IjthOjA6e319czo5OiJfcHJldmlvdXMiO2E6MTp7czozOiJ1cmwiO3M6MjM6Imh0dHA6Ly9sYXJhdmVsLWFwcC50ZXN0Ijt9czo1MDoibG9naW5fd2ViXzU5YmEzNmFkZGMyYjJmOTQwMTU4MGYwMTRjN2Y1OGVhNGUzMDk4OWQiO2k6MTtzOjE3OiJwYXNzd29yZF9oYXNoX3dlYiI7czo2MDoiJDJ5JDEwJDJ3ckZsRElxNHhRMHRhTXJlRkwxYS5QYWtZMUllTEZtYy5DMWZKVVpKazAxV3hKaWpVb3MyIjt9', 1608035247);
/*!40000 ALTER TABLE `sessions` ENABLE KEYS */;

-- Volcando estructura para tabla laravel-app.users
CREATE TABLE IF NOT EXISTS `users` (
  `id` bigint(20) unsigned NOT NULL AUTO_INCREMENT,
  `name` varchar(255) COLLATE utf8mb4_unicode_ci NOT NULL,
  `email` varchar(255) COLLATE utf8mb4_unicode_ci NOT NULL,
  `email_verified_at` timestamp NULL DEFAULT NULL,
  `password` varchar(255) COLLATE utf8mb4_unicode_ci NOT NULL,
  `two_factor_secret` text COLLATE utf8mb4_unicode_ci,
  `two_factor_recovery_codes` text COLLATE utf8mb4_unicode_ci,
  `remember_token` varchar(100) COLLATE utf8mb4_unicode_ci DEFAULT NULL,
  `current_team_id` bigint(20) unsigned DEFAULT NULL,
  `profile_photo_path` text COLLATE utf8mb4_unicode_ci,
  `role` int(11) NOT NULL DEFAULT '0',
  `status` int(11) NOT NULL DEFAULT '1',
  `permisos` text COLLATE utf8mb4_unicode_ci,
  `plataforma` varchar(255) COLLATE utf8mb4_unicode_ci NOT NULL DEFAULT '0',
  `deleted_at` timestamp NULL DEFAULT NULL,
  `created_at` timestamp NULL DEFAULT NULL,
  `updated_at` timestamp NULL DEFAULT NULL,
  PRIMARY KEY (`id`),
  UNIQUE KEY `users_email_unique` (`email`)
) ENGINE=InnoDB AUTO_INCREMENT=2 DEFAULT CHARSET=utf8mb4 COLLATE=utf8mb4_unicode_ci;

-- Volcando datos para la tabla laravel-app.users: ~1 rows (aproximadamente)
/*!40000 ALTER TABLE `users` DISABLE KEYS */;
INSERT INTO `users` (`id`, `name`, `email`, `email_verified_at`, `password`, `two_factor_secret`, `two_factor_recovery_codes`, `remember_token`, `current_team_id`, `profile_photo_path`, `role`, `status`, `permisos`, `plataforma`, `deleted_at`, `created_at`, `updated_at`) VALUES
	(1, 'Yonathan Castillo', 'leothan522@gmail.com', NULL, '$2y$10$2wrFlDIq4xQ0taMreFL1a.PakY1IeLFmc.C1fJUZJk01WxJijUos2', NULL, NULL, NULL, NULL, NULL, 100, 1, NULL, '0', NULL, '2020-12-15 08:27:26', '2020-12-15 08:27:26');
/*!40000 ALTER TABLE `users` ENABLE KEYS */;

/*!40101 SET SQL_MODE=IFNULL(@OLD_SQL_MODE, '') */;
/*!40014 SET FOREIGN_KEY_CHECKS=IF(@OLD_FOREIGN_KEY_CHECKS IS NULL, 1, @OLD_FOREIGN_KEY_CHECKS) */;
/*!40101 SET CHARACTER_SET_CLIENT=@OLD_CHARACTER_SET_CLIENT */;
